UpcomingEvent,Created Date,Reference,Attendee Status
B2000000,01/07/2025,A3430127,Attending
B2000001,01/07/2025,A6456936,Attending
B2000002,01/07/2025,A3431460,Attending
B2000003,01/07/2025,A4495941,Attending
B2000004,01/07/2025,A1981263,Attending
B2000005,02/07/2025,A4221794,Attending
B2000006,03/07/2025,A2547371,Attending
B2000007,03/07/2025,A9772107,Attending
B2000008,03/07/2025,A8370127,Attending
B2000009,03/07/2025,A2035520,Attending
B2000010,03/07/2025,A9998648,Attending
B2000011,03/07/2025,A2654469,Attending
B2000012,03/07/2025,A6035930,Attending
B2000013,03/07/2025,A9509759,Attending
B2000014,03/07/2025,A6494685,Attending
B2000015,03/07/2025,A3649354,Attending
B2000016,04/07/2025,A3112548,Attending
B2000017,04/07/2025,A6555753,Attending
B2000018,04/07/2025,A2786647,Attending
B2000019,04/07/2025,A5571423,Attending
B2000020,04/07/2025,A6993490,Attending
B2000021,04/07/2025,A8120876,Attending
B2000022,04/07/2025,A8559256,Attending
B2000023,04/07/2025,A7016967,Attending
B2000024,04/07/2025,A3807587,Attending
B2000025,04/07/2025,A1276322,Attending
B2000026,05/07/2025,A2818261,Attending
B2000027,05/07/2025,A1262905,Attending
B2000028,05/07/2025,A5935194,Attending
B2000029,05/07/2025,A6759716,Attending
B2000030,05/07/2025,A3444515,Attending
B2000031,05/07/2025,A5779692,Attending
B2000032,05/07/2025,A5495826,Attending
B2000033,05/07/2025,A3385175,Attending
B2000034,05/07/2025,A9610855,Attending
B2000035,05/07/2025,A6831365,Attending
B2000036,05/07/2025,A3129892,Attending
B2000037,05/07/2025,A6494593,Attending
B2000038,05/07/2025,A6637155,Attending
B2000039,05/07/2025,A1471391,Attending
B2000040,05/07/2025,A9401253,Attending
B2000041,05/07/2025,A7445233,Attending
B2000042,06/07/2025,A2380653,Attending
B2000043,06/07/2025,A6045041,Attending
B2000044,06/07/2025,A8010496,Attending
B2000045,06/07/2025,A9637433,Attending
B2000046,06/07/2025,A5988900,Attending
B2000047,06/07/2025,A5512922,Attending
B2000048,06/07/2025,A6402180,Attending
B2000049,06/07/2025,A5542016,Attending
B2000050,06/07/2025,A5912921,Attending
B2000051,06/07/2025,A4997434,Attending
B2000052,06/07/2025,A5735104,Attending
B2000053,06/07/2025,A2329686,Attending
B2000054,06/07/2025,A1665445,Attending
B2000055,07/07/2025,A1341534,Attending
B2000056,07/07/2025,A1187130,Attending
B2000057,07/07/2025,A8320186,Attending
B2000058,07/07/2025,A5135938,Attending
B2000059,07/07/2025,A3844094,Attending
B2000060,07/07/2025,A2941284,Attending
B2000061,07/07/2025,A8134527,Attending
B2000062,07/07/2025,A8245715,Attending
B2000063,07/07/2025,A2535452,Attending
B2000064,08/07/2025,A5259581,Attending
B2000065,08/07/2025,A5195707,Attending
B2000066,08/07/2025,A8240637,Attending
B2000067,08/07/2025,A7516992,Attending
B2000068,08/07/2025,A5891310,Attending
B2000069,08/07/2025,A2225247,Attending
B2000070,08/07/2025,A6242774,Attending
B2000071,09/07/2025,A1528817,Attending
B2000072,09/07/2025,A3449891,Attending
B2000073,09/07/2025,A2779648,Attending
B2000074,09/07/2025,A3381496,Attending
B2000075,09/07/2025,A1019570,Attending
B2000076,09/07/2025,A2222020,Attending
B2000077,09/07/2025,A9451402,Attending
B2000078,09/07/2025,A1231448,Attending
B2000079,09/07/2025,A9228112,Attending
B2000080,09/07/2025,A9313338,Attending
B2000081,09/07/2025,A3450450,Attending
B2000082,10/07/2025,A8712001,Attending
B2000083,10/07/2025,A8652053,Attending
B2000084,10/07/2025,A4948653,Attending
B2000085,10/07/2025,A4494230,Attending
B2000086,10/07/2025,A4555397,Attending
B2000087,10/07/2025,A8443593,Attending
B2000088,10/07/2025,A7678885,Attending
B2000089,10/07/2025,A8481698,Attending
B2000090,10/07/2025,A2757704,Attending
B2000091,10/07/2025,A2992976,Attending
B2000092,10/07/2025,A3492960,Attending
B2000093,10/07/2025,A3363568,Attending
B2000094,10/07/2025,A2071201,Attending
B2000095,10/07/2025,A5395644,Attending
B2000096,11/07/2025,A3096780,Attending
B2000097,11/07/2025,A5821275,Attending
B2000098,11/07/2025,A5567850,Attending
B2000099,11/07/2025,A7369667,Attending
B2000100,11/07/2025,A5175029,Attending
B2000101,11/07/2025,A7167444,Attending
B2000102,11/07/2025,A6399693,Attending
B2000103,11/07/2025,A4612362,Attending
B2000104,11/07/2025,A1183464,Attending
B2000105,11/07/2025,A6298088,Attending
B2000106,11/07/2025,A5692411,Attending
B2000107,11/07/2025,A9527812,Attending
B2000108,12/07/2025,A4157399,Attending
B2000109,12/07/2025,A3154718,Attending
B2000110,12/07/2025,A2542098,Attending
B2000111,12/07/2025,A3194507,Attending
B2000112,12/07/2025,A4691782,Attending
B2000113,12/07/2025,A3043965,Attending
B2000114,12/07/2025,A8168486,Attending
B2000115,13/07/2025,A6240885,Attending
B2000116,13/07/2025,A2874763,Attending
B2000117,13/07/2025,A3659327,Attending
B2000118,13/07/2025,A2088421,Attending
B2000119,13/07/2025,A3614415,Attending
B2000120,13/07/2025,A6131189,Attending
B2000121,13/07/2025,A4099661,Attending
B2000122,13/07/2025,A4708137,Attending
B2000123,13/07/2025,A5073087,Attending
B2000124,13/07/2025,A9492061,Attending
B2000125,13/07/2025,A5891029,Attending
B2000126,13/07/2025,A2303491,Attending
B2000127,13/07/2025,A7659697,Attending
B2000128,13/07/2025,A2714336,Attending
B2000129,13/07/2025,A2489842,Attending
B2000130,13/07/2025,A9311983,Attending
B2000131,14/07/2025,A2984545,Attending
B2000132,14/07/2025,A7035950,Attending
B2000133,14/07/2025,A9565437,Attending
B2000134,14/07/2025,A3098699,Attending
B2000135,14/07/2025,A7056104,Attending
B2000136,14/07/2025,A7217447,Attending
B2000137,14/07/2025,A7431770,Attending
B2000138,14/07/2025,A7807951,Attending
B2000139,14/07/2025,A2091425,Attending
B2000140,14/07/2025,A8093724,Attending
B2000141,14/07/2025,A7392155,Attending
B2000142,14/07/2025,A8133051,Attending
B2000143,14/07/2025,A7266685,Attending
B2000144,15/07/2025,A4480555,Attending
B2000145,15/07/2025,A5250819,Attending
B2000146,15/07/2025,A5662855,Attending
B2000147,15/07/2025,A4151154,Attending
B2000148,15/07/2025,A5258085,Attending
B2000149,15/07/2025,A8293351,Attending
B2000150,15/07/2025,A1208525,Attending
B2000151,15/07/2025,A9918172,Attending
B2000152,15/07/2025,A9606006,Attending
B2000153,15/07/2025,A1853003,Attending
B2000154,15/07/2025,A4049978,Attending
B2000155,15/07/2025,A1463378,Attending
B2000156,15/07/2025,A1143786,Attending
B2000157,15/07/2025,A8741524,Attending
B2000158,16/07/2025,A7230886,Attending
B2000159,16/07/2025,A6665137,Attending
B2000160,16/07/2025,A2122769,Attending
B2000161,16/07/2025,A5432066,Attending
B2000162,16/07/2025,A2212412,Attending
B2000163,16/07/2025,A2602771,Attending
B2000164,16/07/2025,A3916219,Attending
B2000165,17/07/2025,A5851004,Attending
B2000166,17/07/2025,A5346824,Attending
B2000167,17/07/2025,A3691718,Attending
B2000168,17/07/2025,A7961478,Attending
B2000169,17/07/2025,A4381176,Attending
B2000170,17/07/2025,A2554125,Attending
B2000171,17/07/2025,A6457573,Attending
B2000172,17/07/2025,A3326542,Attending
B2000173,17/07/2025,A3131137,Attending
B2000174,17/07/2025,A6004128,Attending
B2000175,17/07/2025,A2866827,Attending
B2000176,17/07/2025,A1923720,Attending
B2000177,17/07/2025,A1040849,Attending
B2000178,17/07/2025,A3012677,Attending