SourceFile,BookingReference,CreatedDate,Reference,AttendeeStatus
SRM22,B1069935,2022-03-16,A1139372,Attending
SRM22,B1069936,2022-03-16,A1139373,Attending
SRM22,B1069940,2022-03-16,A1139377,Attending
SRM22,B1069941,2022-03-16,A1139378,Attending
SRM22,B1069942,2022-03-16,A1139379,Attending
SRM22,B1069943,2022-03-16,A1139380,Attending
SRM22,B1069944,2022-03-16,A1139381,Attending
SRM22,B1069945,2022-03-16,A1139382,Attending
SRM22,B1069946,2022-03-16,A1139383,Attending
SRM22,B1069947,2022-03-16,A1139384,Attending
SRM22,B1069948,2022-03-16,A1139385,Attending
SRM22,B1069949,2022-03-16,A1139386,Attending
SRM22,B1069950,2022-03-16,A1139387,Attending
SRM22,B1069951,2022-03-16,A1139388,Attending
SRM22,B1069952,2022-03-16,A1139389,Attending
SRM22,B1069957,2022-03-16,A1139395,Attending
SRM22,B1069958,2022-03-16,A1139396,Attending
SRM22,B1069959,2022-03-16,A1139397,Attending
SRM22,B1069961,2022-03-16,A1139399,Attending
SRM22,B1069962,2022-03-16,A1139400,Attending
SRM22,B1069963,2022-03-16,A1139401,Attending
SRM22,B1069964,2022-03-16,A1139402,Attending
SRM22,B1069967,2022-03-16,A1139405,Attending
SRM22,B1069968,2022-03-16,A1139406,Attending
SRM22,B1069970,2022-03-16,A1139408,Attending
SRM22,B1069971,2022-03-16,A1139409,Attending
SRM22,B1069974,2022-03-16,A1139412,Attending
SRM22,B1069976,2022-03-16,A1139414,Attending
SRM22,B1069977,2022-03-16,A1139415,Attending
SRM22,B1069978,2022-03-16,A1139416,Attending
SRM22,B1069979,2022-03-16,A1139417,Attending
SRM22,B1069980,2022-03-16,A1139418,Attending
SRM22,B1069991,2022-03-16,A1139429,Attending
SRM22,B1069992,2022-03-16,A1139430,Attending
SRM22,B1069994,2022-03-16,A1139432,Attending
SRM22,B1069998,2022-03-16,A1139436,Attending
SRM22,B1070002,2022-03-16,A1139442,Attending
SRM22,B1070003,2022-03-16,A1139443,Attending
SRM22,B1070004,2022-03-16,A1139444,Attending
SRM22,B1070007,2022-03-16,A1139448,Attending
SRM22,B1070010,2022-03-16,A1139451,Attending
SRM22,B1070011,2022-03-16,A1139452,Attending
SRM22,B1070015,2022-03-16,A1139456,Attending
SRM22,B1070016,2022-03-16,A1139457,Attending
SRM22,B1070023,2022-03-16,A1139464,Attending
SRM22,B1070028,2022-03-16,A1139469,Attending
SRM22,B1070029,2022-03-16,A1139470,Attending
SRM22,B1070030,2022-03-16,A1139471,Attending
SRM22,B1070031,2022-03-16,A1139472,Attending
SRM22,B1070033,2022-03-16,A1139474,Attending
SRM22,B1070042,2022-03-16,A1139483,Attending
SRM22,B1070045,2022-03-16,A1139487,Attending
SRM22,B1070063,2022-03-16,A1139505,Attending
SRM22,B1070066,2022-03-16,A1139508,Attending
SRM22,B1070068,2022-03-16,A1139510,Attending
SRM22,B1070069,2022-03-16,A1139511,Attending
SRM22,B1070070,2022-03-16,A1139512,Attending
SRM22,B1070088,2022-03-16,A1139530,Attending
SRM22,B1070115,2022-03-16,A1139565,Attending
SRM22,B1070122,2022-03-16,A1139572,Attending
SRM22,B1070125,2022-03-16,A1139575,Attending
SRM22,B1070129,2022-03-16,A1139579,Attending
SRM22,B1070136,2022-03-16,A1139586,Attending
SRM22,B1070144,2022-03-16,A1139594,Attending
SRM22,B1070157,2022-03-16,A1139611,Attending
SRM22,B1070159,2022-03-16,A1139613,Attending
SRM22,B1070175,2022-03-16,A1139630,Attending
SRM22,B1070177,2022-03-16,A1139632,Attending
SRM22,B1070186,2022-03-16,A1139641,Attending
SRM22,B1070196,2022-03-16,A1139653,Attending
SRM22,B1070217,2022-03-17,A1139677,Attending
SRM22,B1070222,2022-03-17,A1139684,Attending
SRM22,B1070223,2022-03-17,A1139685,Attending
SRM22,B1070225,2022-03-17,A1139687,Attending
SRM22,B1070226,2022-03-17,A1139688,Attending
SRM22,B1070228,2022-03-17,A1139691,Attending
SRM22,B1070233,2022-03-17,A1139697,Attending
SRM22,B1070234,2022-03-17,A1139698,Attending
SRM22,B1070235,2022-03-17,A1139699,Attending
SRM22,B1070239,2022-03-17,A1139703,Attending
SRM22,B1070241,2022-03-17,A1139705,Attending
SRM22,B1070250,2022-03-17,A1139716,Attending
SRM22,B1070254,2022-03-17,A1139720,Attending
SRM22,B1070257,2022-03-17,A1139723,Attending
SRM22,B1070258,2022-03-17,A1139724,Attending
SRM22,B1070259,2022-03-17,A1139725,Attending
SRM22,B1070260,2022-03-17,A1139726,Attending
SRM22,B1070261,2022-03-17,A1139727,Attending
SRM22,B1070262,2022-03-17,A1139728,Attending
SRM22,B1070272,2022-03-17,A1139743,Attending
SRM22,B1070273,2022-03-17,A1139744,Attending
SRM22,B1070276,2022-03-17,A1139747,Attending
SRM22,B1070282,2022-03-17,A1139753,Attending
SRM22,B1070293,2022-03-17,A1139765,Attending
SRM22,B1070296,2022-03-17,A1139768,Attending
SRM22,B1070309,2022-03-17,A1139788,Attending
SRM22,B1070310,2022-03-17,A1139789,Attending
SRM22,B1070368,2022-03-17,A1139847,Attending
SRM22,B1070409,2022-03-17,A1139892,Attending
SRM22,B1070742,2022-03-17,A1140334,Attending
SRM22,B1070896,2022-03-18,A1140600,Attending
SRM22,B1070913,2022-03-18,A1140630,Attending
SRM22,B1070926,2022-03-18,A1140653,Attending
SRM22,B1070943,2022-03-18,A1140674,Attending
SRM22,B1070947,2022-03-18,A1140679,Attending
SRM22,B1070951,2022-03-18,A1140683,Attending
SRM22,B1070952,2022-03-18,A1140684,Attending
SRM22,B1070953,2022-03-18,A1140685,Attending
SRM22,B1070954,2022-03-18,A1140686,Attending
SRM22,B1070956,2022-03-18,A1140688,Attending
SRM22,B1070963,2022-03-18,A1140698,Attending
SRM22,B1070965,2022-03-18,A1140700,Attending
SRM22,B1070968,2022-03-18,A1140707,Attending
SRM22,B1070969,2022-03-18,A1140708,Attending
SRM22,B1070971,2022-03-18,A1140712,Attending
SRM22,B1070974,2022-03-18,A1140717,Attending
SRM22,B1070976,2022-03-18,A1140719,Attending
SRM22,B1070983,2022-03-18,A1140730,Attending
SRM22,B1070987,2022-03-18,A1140734,Attending
SRM22,B1070991,2022-03-18,A1140739,Attending
SRM22,B1070996,2022-03-18,A1140746,Attending
SRM22,B1071018,2022-03-18,A1140781,Attending
SRM22,B1071028,2022-03-18,A1140801,Attending
SRM22,B1071047,2022-03-18,A1140820,Attending
SRM22,B1071050,2022-03-18,A1140827,Attending
SRM22,B1071073,2022-03-18,A1140855,Attending
SRM22,B1071094,2022-03-18,A1140882,Attending
SRM22,B1071098,2022-03-18,A1140886,Attending
SRM22,B1071107,2022-03-18,A1140897,Attending
SRM22,B1071108,2022-03-18,A1140898,Attending
SRM22,B1071109,2022-03-18,A1140899,Attending
SRM22,B1071111,2022-03-18,A1140901,Attending
SRM22,B1071122,2022-03-18,A1140916,Attending
SRM22,B1071154,2022-03-18,A1140952,Attending
SRM22,B1071171,2022-03-18,A1140972,Attending
SRM22,B1071173,2022-03-18,A1140974,Attending
SRM22,B1071252,2022-03-18,A1141086,Attending
SRM22,B1071289,2022-03-19,A1141137,Attending
SRM22,B1071298,2022-03-19,A1141150,Attending
SRM22,B1071317,2022-03-19,A1141174,Attending
SRM22,B1071485,2022-03-20,A1141397,Attending
SRM22,B1071616,2022-03-21,A1141585,Attending
SRM22,B1071622,2022-03-21,A1141591,Attending
SRM22,B1071627,2022-03-21,A1141598,Attending
SRM22,B1071628,2022-03-21,A1141599,Attending
SRM22,B1071640,2022-03-21,A1141611,Attending
SRM22,B1071682,2022-03-21,A1141654,Attending
SRM22,B1071707,2022-03-21,A1141693,Attending
SRM22,B1071708,2022-03-21,A1141694,Attending
SRM22,B1071709,2022-03-21,A1141695,Attending
SRM22,B1071718,2022-03-21,A1141707,Attending
SRM22,B1071748,2022-03-21,A1141739,Attending
SRM22,B1071760,2022-03-21,A1141753,Attending
SRM22,B1071776,2022-03-21,A1141771,Attending
SRM22,B1071810,2022-03-21,A1141806,Attending
SRM22,B1071812,2022-03-21,A1141808,Attending
SRM22,B1071969,2022-03-22,A1141995,Attending
SRM22,B1071985,2022-03-22,A1142021,Attending
SRM22,B1072019,2022-03-22,A1142058,Attending
SRM22,B1072161,2022-03-22,A1142232,Attending
SRM22,B1072301,2022-03-23,A1142385,Attending
SRM22,B1072341,2022-03-23,A1142429,Attending
SRM22,B1072450,2022-03-24,A1142560,Attending
SRM22,B1072464,2022-03-24,A1142578,Attending
SRM22,B1072466,2022-03-24,A1142582,Attending
SRM22,B1072478,2022-03-24,A1142596,Attending
SRM22,B1072479,2022-03-24,A1142597,Attending
SRM22,B1072480,2022-03-24,A1142598,Attending
SRM22,B1072481,2022-03-24,A1142599,Attending
SRM22,B1072482,2022-03-24,A1142600,Attending
SRM22,B1072483,2022-03-24,A1142601,Attending
SRM22,B1072484,2022-03-24,A1142602,Attending
SRM22,B1072485,2022-03-24,A1142603,Attending
SRM22,B1072486,2022-03-24,A1142604,Attending
SRM22,B1072487,2022-03-24,A1142605,Attending
SRM22,B1072488,2022-03-24,A1142606,Attending
SRM22,B1072489,2022-03-24,A1142607,Attending
SRM22,B1072490,2022-03-24,A1142608,Attending
SRM22,B1072491,2022-03-24,A1142609,Attending
SRM22,B1072493,2022-03-24,A1142611,Attending
SRM22,B1072494,2022-03-24,A1142612,Attending
SRM22,B1072495,2022-03-24,A1142613,Attending
SRM22,B1072496,2022-03-24,A1142614,Attending
SRM22,B1072497,2022-03-24,A1142615,Attending
SRM22,B1072500,2022-03-24,A1142618,Attending
SRM22,B1072501,2022-03-24,A1142619,Attending
SRM22,B1072502,2022-03-24,A1142620,Attending
SRM22,B1072503,2022-03-24,A1142621,Attending
SRM22,B1072504,2022-03-24,A1142622,Attending
SRM22,B1072505,2022-03-24,A1142623,Attending
SRM22,B1072506,2022-03-24,A1142624,Attending
SRM22,B1072507,2022-03-24,A1142625,Attending
SRM22,B1072509,2022-03-24,A1142627,Attending
SRM22,B1072510,2022-03-24,A1142628,Attending
SRM22,B1072511,2022-03-24,A1142629,Attending
SRM22,B1072512,2022-03-24,A1142630,Attending
SRM22,B1072514,2022-03-24,A1142632,Attending
SRM22,B1072515,2022-03-24,A1142633,Attending
SRM22,B1072516,2022-03-24,A1142634,Attending
SRM22,B1072517,2022-03-24,A1142635,Attending
SRM22,B1072518,2022-03-24,A1142636,Attending
SRM22,B1072519,2022-03-24,A1142637,Attending
SRM22,B1072520,2022-03-24,A1142638,Attending
SRM22,B1072524,2022-03-24,A1142642,Attending
SRM22,B1072525,2022-03-24,A1142643,Attending
SRM22,B1072526,2022-03-24,A1142644,Attending
SRM22,B1072527,2022-03-24,A1142645,Attending
SRM22,B1072529,2022-03-24,A1142647,Attending
SRM22,B1072531,2022-03-24,A1142649,Attending
SRM22,B1072532,2022-03-24,A1142650,Attending
SRM22,B1072534,2022-03-24,A1142652,Attending
SRM22,B1072535,2022-03-24,A1142653,Attending
SRM22,B1072536,2022-03-24,A1142654,Attending
SRM22,B1072541,2022-03-24,A1142659,Attending
SRM22,B1072542,2022-03-24,A1142660,Attending
SRM22,B1072543,2022-03-24,A1142661,Attending
SRM22,B1072544,2022-03-24,A1142662,Attending
SRM22,B1072548,2022-03-24,A1142666,Attending
SRM22,B1072549,2022-03-24,A1142667,Attending
SRM22,B1072550,2022-03-24,A1142668,Attending
SRM22,B1072551,2022-03-24,A1142669,Attending
SRM22,B1072552,2022-03-24,A1142670,Attending
SRM22,B1072553,2022-03-24,A1142671,Attending
SRM22,B1072554,2022-03-24,A1142672,Attending
SRM22,B1072555,2022-03-24,A1142673,Attending
SRM22,B1072558,2022-03-24,A1142676,Attending
SRM22,B1072560,2022-03-24,A1142678,Attending
SRM22,B1072561,2022-03-24,A1142679,Attending
SRM22,B1072562,2022-03-24,A1142680,Attending
SRM22,B1072563,2022-03-24,A1142681,Attending
SRM22,B1072564,2022-03-24,A1142682,Attending
SRM22,B1072565,2022-03-24,A1142683,Attending
SRM22,B1072567,2022-03-24,A1142685,Attending
SRM22,B1072568,2022-03-24,A1142686,Attending
SRM22,B1072569,2022-03-24,A1142687,Attending
SRM22,B1072570,2022-03-24,A1142688,Attending
SRM22,B1072571,2022-03-24,A1142689,Attending
SRM22,B1072572,2022-03-24,A1142690,Attending
SRM22,B1072573,2022-03-24,A1142691,Attending
SRM22,B1072575,2022-03-24,A1142693,Attending
SRM22,B1072577,2022-03-24,A1142695,Attending
SRM22,B1072578,2022-03-24,A1142697,Attending
SRM22,B1072579,2022-03-24,A1142696,Attending
SRM22,B1072580,2022-03-24,A1142698,Attending
SRM22,B1072581,2022-03-24,A1142699,Attending
SRM22,B1072582,2022-03-24,A1142700,Attending
SRM22,B1072583,2022-03-24,A1142701,Attending
SRM22,B1072584,2022-03-24,A1142702,Attending
SRM22,B1072585,2022-03-24,A1142703,Attending
SRM22,B1072588,2022-03-24,A1142706,Attending
SRM22,B1072589,2022-03-24,A1142707,Attending
SRM22,B1072590,2022-03-24,A1142708,Attending
SRM22,B1072591,2022-03-24,A1142709,Attending
SRM22,B1072592,2022-03-24,A1142710,Attending
SRM22,B1072595,2022-03-24,A1142713,Attending
SRM22,B1072597,2022-03-24,A1142715,Attending
SRM22,B1072599,2022-03-24,A1142717,Attending
SRM22,B1072600,2022-03-24,A1142718,Attending
SRM22,B1072601,2022-03-24,A1142719,Attending
SRM22,B1072602,2022-03-24,A1142720,Attending
SRM22,B1072604,2022-03-24,A1142722,Attending
SRM22,B1072606,2022-03-24,A1142724,Attending
SRM22,B1072607,2022-03-24,A1142725,Attending
SRM22,B1072608,2022-03-24,A1142726,Attending
SRM22,B1072609,2022-03-24,A1142727,Attending
SRM22,B1072611,2022-03-24,A1142729,Attending
SRM22,B1072615,2022-03-24,A1142734,Attending
SRM22,B1072616,2022-03-24,A1142735,Attending
SRM22,B1072617,2022-03-24,A1142736,Attending
SRM22,B1072619,2022-03-24,A1142738,Attending
SRM22,B1072620,2022-03-24,A1142739,Attending
SRM22,B1072621,2022-03-24,A1142740,Attending
SRM22,B1072623,2022-03-24,A1142744,Attending
SRM22,B1072631,2022-03-24,A1142752,Attending
SRM22,B1072632,2022-03-24,A1142753,Attending
SRM22,B1072633,2022-03-24,A1142754,Attending
SRM22,B1072637,2022-03-24,A1142758,Attending
SRM22,B1072639,2022-03-24,A1142761,Attending
SRM22,B1072642,2022-03-24,A1142764,Attending
SRM22,B1072644,2022-03-24,A1142766,Attending
SRM22,B1072646,2022-03-24,A1142769,Attending
SRM22,B1072647,2022-03-24,A1142770,Attending
SRM22,B1072648,2022-03-24,A1142771,Attending
SRM22,B1072660,2022-03-24,A1142784,Attending
SRM22,B1072663,2022-03-24,A1142787,Attending
SRM22,B1072666,2022-03-24,A1142790,Attending
SRM22,B1072669,2022-03-24,A1142796,Attending
SRM22,B1072670,2022-03-24,A1142797,Attending
SRM22,B1072673,2022-03-24,A1142800,Attending
SRM22,B1072675,2022-03-24,A1142802,Attending
SRM22,B1072676,2022-03-24,A1142803,Attending
SRM22,B1072677,2022-03-24,A1142804,Attending
SRM22,B1072678,2022-03-24,A1142805,Attending
SRM22,B1072679,2022-03-24,A1142806,Attending
SRM22,B1072680,2022-03-24,A1142807,Attending
SRM22,B1072687,2022-03-24,A1142817,Attending
SRM22,B1072692,2022-03-24,A1142822,Attending
SRM22,B1072697,2022-03-24,A1142827,Attending
SRM22,B1072713,2022-03-24,A1142852,Attending
SRM22,B1072715,2022-03-24,A1142854,Attending
SRM22,B1072716,2022-03-24,A1142855,Attending
SRM22,B1072718,2022-03-24,A1142857,Attending
SRM22,B1072719,2022-03-24,A1142858,Attending
SRM22,B1072722,2022-03-24,A1142861,Attending
SRM22,B1072723,2022-03-24,A1142862,Attending
SRM22,B1072724,2022-03-24,A1142863,Attending
SRM22,B1072725,2022-03-24,A1142864,Attending
SRM22,B1072726,2022-03-24,A1142865,Attending
SRM22,B1072728,2022-03-24,A1142867,Attending
SRM22,B1072733,2022-03-24,A1142873,Attending
SRM22,B1072741,2022-03-24,A1142882,Attending
SRM22,B1072742,2022-03-24,A1142883,Attending
SRM22,B1072762,2022-03-24,A1142909,Attending
SRM22,B1072769,2022-03-24,A1142916,Attending
SRM22,B1072772,2022-03-24,A1142919,Attending
SRM22,B1072773,2022-03-24,A1142920,Attending
SRM22,B1072774,2022-03-24,A1142921,Attending
SRM22,B1072776,2022-03-24,A1142923,Attending
SRM22,B1072796,2022-03-24,A1142951,Attending
SRM22,B1072804,2022-03-25,A1142963,Attending
SRM22,B1072806,2022-03-25,A1142965,Attending
SRM22,B1072831,2022-03-25,A1143024,Attending
SRM22,B1072835,2022-03-25,A1143028,Attending
SRM22,B1072839,2022-03-25,A1143032,Attending
SRM22,B1072846,2022-03-25,A1143045,Attending
SRM22,B1072848,2022-03-25,A1143049,Attending
SRM22,B1072853,2022-03-25,A1143054,Attending
SRM22,B1072857,2022-03-25,A1143058,Attending
SRM22,B1072863,2022-03-25,A1143064,Attending
SRM22,B1072885,2022-03-25,A1143099,Attending
SRM22,B1072890,2022-03-25,A1143109,Attending
SRM22,B1072951,2022-03-25,A1143203,Attending
SRM22,B1073123,2022-03-25,A1143502,Attending
SRM22,B1073378,2022-03-26,A1144005,Attending
SRM22,B1073383,2022-03-26,A1144014,Attending
SRM22,B1073483,2022-03-26,A1144183,Attending
SRM22,B1073494,2022-03-26,A1144201,Attending
SRM22,B1073761,2022-03-27,A1144706,Attending
SRM22,B1073808,2022-03-28,A1144782,Attending
SRM22,B1073813,2022-03-28,A1144790,Attending
SRM22,B1073815,2022-03-28,A1144792,Attending
SRM22,B1073825,2022-03-28,A1144806,Attending
SRM22,B1073836,2022-03-28,A1144820,Attending
SRM22,B1073847,2022-03-28,A1144836,Attending
SRM22,B1073854,2022-03-28,A1144843,Attending
SRM22,B1073856,2022-03-28,A1144847,Attending
SRM22,B1073861,2022-03-28,A1144852,Attending
SRM22,B1073865,2022-03-28,A1144856,Attending
SRM22,B1073892,2022-03-28,A1144890,Attending
SRM22,B1073916,2022-03-28,A1144923,Attending
SRM22,B1073935,2022-03-28,A1144950,Attending
SRM22,B1073940,2022-03-28,A1144956,Attending
SRM22,B1073959,2022-03-28,A1144982,Attending
SRM22,B1073962,2022-03-28,A1144987,Attending
SRM22,B1073992,2022-03-28,A1145034,Attending
SRM22,B1074001,2022-03-28,A1145044,Attending
SRM22,B1074016,2022-03-28,A1145070,Attending
SRM22,B1074032,2022-03-28,A1145089,Attending
SRM22,B1074036,2022-03-28,A1145097,Attending
SRM22,B1074052,2022-03-28,A1145122,Attending
SRM22,B1074102,2022-03-28,A1145207,Attending
SRM22,B1074193,2022-03-29,A1145340,Attending
SRM22,B1074208,2022-03-29,A1145360,Attending
SRM22,B1074223,2022-03-29,A1145377,Attending
SRM22,B1074249,2022-03-29,A1145416,Attending
SRM22,B1074267,2022-03-29,A1145441,Attending
SRM22,B1074268,2022-03-29,A1145443,Attending
SRM22,B1074276,2022-03-29,A1145451,Attending
SRM22,B1074328,2022-03-29,A1145514,Attending
SRM22,B1074367,2022-03-29,A1145568,Attending
SRM22,B1074408,2022-03-29,A1145620,Attending
SRM22,B1074460,2022-03-30,A1145705,Attending
SRM22,B1074487,2022-03-30,A1145746,Attending
SRM22,B1074538,2022-03-30,A1145810,Attending
SRM22,B1074539,2022-03-30,A1145811,Attending
SRM22,B1074587,2022-03-30,A1145865,Attending
SRM22,B1074588,2022-03-30,A1145866,Attending
SRM22,B1074633,2022-03-30,A1145925,Attending
SRM22,B1074696,2022-03-30,A1146007,Attending
SRM22,B1074744,2022-03-31,A1146074,Attending
SRM22,B1074991,2022-04-01,A1146405,Attending
SRM22,B1075004,2022-04-01,A1146420,Attending
SRM22,B1075347,2022-04-04,A1146936,Attending
SRM22,B1075375,2022-04-04,A1146977,Attending
SRM22,B1075382,2022-04-04,A1146984,Attending
SRM22,B1075400,2022-04-04,A1147006,Attending
SRM22,B1075456,2022-04-04,A1147075,Attending
SRM22,B1075477,2022-04-04,A1147098,Attending
SRM22,B1075491,2022-04-04,A1147113,Attending
SRM22,B1075619,2022-04-04,A1147272,Attending
SRM22,B1075730,2022-04-05,A1147409,Attending
SRM22,B1075851,2022-04-05,A1147576,Attending
SRM22,B1075857,2022-04-05,A1147585,Attending
SRM22,B1075966,2022-04-06,A1147733,Attending
SRM22,B1075968,2022-04-06,A1147735,Attending
SRM22,B1075969,2022-04-06,A1147736,Attending
SRM22,B1076114,2022-04-06,A1147913,Attending
SRM22,B1076131,2022-04-06,A1147940,Attending
SRM22,B1076485,2022-04-08,A1148325,Attending
SRM22,B1076492,2022-04-08,A1148332,Attending
SRM22,B1076539,2022-04-08,A1148381,Attending
SRM22,B1076563,2022-04-08,A1148405,Attending
SRM22,B1076564,2022-04-08,A1148406,Attending
SRM22,B1077183,2022-04-12,A1149029,Attending
SRM22,B1077359,2022-04-12,A1149206,Attending
SRM22,B1077399,2022-04-12,A1149246,Attending
SRM22,B1077550,2022-04-13,A1149397,Attending
SRM22,B1077605,2022-04-13,A1149454,Attending
SRM22,B1077641,2022-04-13,A1149490,Attending
SRM22,B1077729,2022-04-14,A1149578,Attending
SRM22,B1077733,2022-04-14,A1149582,Attending
SRM22,B1077905,2022-04-16,A1149763,Attending
SRM22,B1078146,2022-04-19,A1150018,Attending
SRM22,B1078159,2022-04-19,A1150031,Attending
SRM22,B1078172,2022-04-19,A1150044,Attending
SRM22,B1078534,2022-04-21,A1150411,Attending
SRM22,B1078539,2022-04-21,A1150417,Attending
SRM22,B1078575,2022-04-21,A1150453,Attending
SRM22,B1078578,2022-04-21,A1150456,Attending
SRM22,B1078582,2022-04-21,A1150460,Attending
SRM22,B1078590,2022-04-21,A1150468,Attending
SRM22,B1078594,2022-04-21,A1150472,Attending
SRM22,B1078630,2022-04-21,A1150508,Attending
SRM22,B1078660,2022-04-21,A1150538,Attending
SRM22,B1079448,2022-04-24,A1151331,Attending
SRM22,B1079642,2022-04-25,A1151526,Attending
SRM22,B1079877,2022-04-25,A1151763,Attending
SRM22,B1080607,2022-04-26,A1152500,Attending
SRM22,B1080671,2022-04-26,A1152564,Attending
SRM22,B1080703,2022-04-26,A1152596,Attending
SRM22,B1081051,2022-04-27,A1152946,Attending
SRM22,B1081062,2022-04-27,A1152957,Attending
SRM22,B1081092,2022-04-27,A1152987,Attending
SRM22,B1082086,2022-04-28,A1153983,Attending
SRM22,B1082112,2022-04-28,A1154010,Attending
SRM22,B1082168,2022-04-28,A1154066,Attending
SRM22,B1082180,2022-04-28,A1154078,Attending
SRM22,B1082661,2022-04-29,A1154566,Attending
SRM22,B1082662,2022-04-29,A1154567,Attending
SRM22,B1082663,2022-04-29,A1154568,Attending
SRM22,B1082664,2022-04-29,A1154569,Attending
SRM22,B1082665,2022-04-29,A1154570,Attending
SRM22,B1082667,2022-04-29,A1154572,Attending
SRM22,B1082668,2022-04-29,A1154573,Attending
SRM22,B1082669,2022-04-29,A1154574,Attending
SRM22,B1082670,2022-04-29,A1154575,Attending
SRM22,B1082671,2022-04-29,A1154576,Attending
SRM22,B1082672,2022-04-29,A1154577,Attending
SRM22,B1082673,2022-04-29,A1154578,Attending
SRM22,B1082676,2022-04-29,A1154581,Attending
SRM22,B1082677,2022-04-29,A1154582,Attending
SRM22,B1082678,2022-04-29,A1154583,Attending
SRM22,B1082681,2022-04-29,A1154586,Attending
SRM22,B1082682,2022-04-29,A1154587,Attending
SRM22,B1082684,2022-04-29,A1154589,Attending
SRM22,B1082688,2022-04-29,A1154593,Attending
SRM22,B1082689,2022-04-29,A1154594,Attending
SRM22,B1082693,2022-04-29,A1154598,Attending
SRM22,B1082707,2022-04-29,A1154615,Attending
SRM22,B1082712,2022-04-29,A1154620,Attending
SRM22,B1082714,2022-04-29,A1154622,Attending
SRM22,B1082718,2022-04-29,A1154626,Attending
SRM22,B1082721,2022-04-29,A1154629,Attending
SRM22,B1082728,2022-04-29,A1154636,Attending
SRM22,B1082730,2022-04-29,A1154638,Attending
SRM22,B1082732,2022-04-29,A1154640,Attending
SRM22,B1082736,2022-04-29,A1154644,Attending
SRM22,B1082745,2022-04-29,A1154653,Attending
SRM22,B1082751,2022-04-29,A1154659,Attending
SRM22,B1082771,2022-04-29,A1154679,Attending
SRM22,B1082780,2022-04-29,A1154688,Attending
SRM22,B1082786,2022-04-29,A1154694,Attending
SRM22,B1082788,2022-04-29,A1154696,Attending
SRM22,B1082799,2022-04-29,A1154707,Attending
SRM22,B1082800,2022-04-29,A1154708,Attending
SRM22,B1082801,2022-04-29,A1154709,Attending
SRM22,B1082802,2022-04-29,A1154710,Attending
SRM22,B1082830,2022-04-29,A1154738,Attending
SRM22,B1082852,2022-04-29,A1154760,Attending
SRM22,B1082939,2022-04-29,A1154847,Attending
SRM22,B1082977,2022-04-29,A1154885,Attending
SRM22,B1082994,2022-04-29,A1154902,Attending
SRM22,B1083000,2022-04-29,A1154908,Attending
SRM22,B1083068,2022-04-29,A1154976,Attending
SRM22,B1083122,2022-04-29,A1155033,Attending
SRM22,B1083480,2022-05-01,A1155411,Attending
SRM22,B1083695,2022-05-02,A1155634,Attending
SRM22,B1083884,2022-05-02,A1155828,Attending
SRM22,B1084092,2022-05-03,A1156038,Attending
SRM22,B1084093,2022-05-03,A1156039,Attending
SRM22,B1084097,2022-05-03,A1156043,Attending
SRM22,B1084116,2022-05-03,A1156062,Attending
SRM22,B1084129,2022-05-03,A1156075,Attending
SRM22,B1084139,2022-05-03,A1156085,Attending
SRM22,B1084145,2022-05-03,A1156091,Attending
SRM22,B1084161,2022-05-03,A1156107,Attending
SRM22,B1084270,2022-05-03,A1156216,Attending
SRM22,B1084302,2022-05-03,A1156251,Attending
SRM22,B1084348,2022-05-03,A1156297,Attending
SRM22,B1084368,2022-05-03,A1156320,Attending
SRM22,B1084405,2022-05-03,A1156359,Attending
SRM22,B1084758,2022-05-04,A1156714,Attending
SRM22,B1084863,2022-05-04,A1156823,Attending
SRM22,B1084869,2022-05-04,A1156829,Attending
SRM22,B1084873,2022-05-04,A1156833,Attending
SRM22,B1084875,2022-05-04,A1156835,Attending
SRM22,B1084904,2022-05-04,A1156866,Attending
SRM22,B1085137,2022-05-04,A1157111,Attending
SRM22,B1085180,2022-05-05,A1157156,Attending
SRM22,B1085273,2022-05-05,A1157249,Attending
SRM22,B1085337,2022-05-05,A1157315,Attending
SRM22,B1085384,2022-05-05,A1157362,Attending
SRM22,B1085392,2022-05-05,A1157370,Attending
SRM22,B1085419,2022-05-05,A1157397,Attending
SRM22,B1085427,2022-05-05,A1157405,Attending
SRM22,B1085439,2022-05-05,A1157417,Attending
SRM22,B1085448,2022-05-05,A1157426,Attending
SRM22,B1085449,2022-05-05,A1157427,Attending
SRM22,B1085456,2022-05-05,A1157434,Attending
SRM22,B1085459,2022-05-05,A1157437,Attending
SRM22,B1085460,2022-05-05,A1157438,Attending
SRM22,B1085462,2022-05-05,A1157440,Attending
SRM22,B1085463,2022-05-05,A1157441,Attending
SRM22,B1085467,2022-05-05,A1157445,Attending
SRM22,B1085469,2022-05-05,A1157447,Attending
SRM22,B1085470,2022-05-05,A1157448,Attending
SRM22,B1085474,2022-05-05,A1157452,Attending
SRM22,B1085476,2022-05-05,A1157454,Attending
SRM22,B1085480,2022-05-05,A1157458,Attending
SRM22,B1085485,2022-05-05,A1157463,Attending
SRM22,B1085487,2022-05-05,A1157465,Attending
SRM22,B1085488,2022-05-05,A1157466,Attending
SRM22,B1085489,2022-05-05,A1157467,Attending
SRM22,B1085495,2022-05-05,A1157473,Attending
SRM22,B1085496,2022-05-05,A1157474,Attending
SRM22,B1085501,2022-05-05,A1157479,Attending
SRM22,B1085502,2022-05-05,A1157480,Attending
SRM22,B1085504,2022-05-05,A1157482,Attending
SRM22,B1085507,2022-05-05,A1157485,Attending
SRM22,B1085509,2022-05-05,A1157487,Attending
SRM22,B1085511,2022-05-05,A1157489,Attending
SRM22,B1085520,2022-05-05,A1157498,Attending
SRM22,B1085524,2022-05-05,A1157502,Attending
SRM22,B1085528,2022-05-05,A1157506,Attending
SRM22,B1085534,2022-05-05,A1157512,Attending
SRM22,B1085545,2022-05-05,A1157527,Attending
SRM22,B1085548,2022-05-05,A1157530,Attending
SRM22,B1085550,2022-05-05,A1157532,Attending
SRM22,B1085551,2022-05-05,A1157533,Attending
SRM22,B1085558,2022-05-05,A1157540,Attending
SRM22,B1085563,2022-05-05,A1157545,Attending
SRM22,B1085570,2022-05-05,A1157552,Attending
SRM22,B1085591,2022-05-05,A1157573,Attending
SRM22,B1085597,2022-05-05,A1157579,Attending
SRM22,B1085603,2022-05-05,A1157585,Attending
SRM22,B1085615,2022-05-05,A1157597,Attending
SRM22,B1085639,2022-05-05,A1157621,Attending
SRM22,B1085750,2022-05-05,A1157732,Attending
SRM22,B1085821,2022-05-05,A1157809,Attending
SRM22,B1085838,2022-05-05,A1157826,Attending
SRM22,B1085983,2022-05-06,A1157971,Attending
SRM22,B1085990,2022-05-06,A1157978,Attending
SRM22,B1085998,2022-05-06,A1157986,Attending
SRM22,B1085999,2022-05-06,A1157987,Attending
SRM22,B1086001,2022-05-06,A1157989,Attending
SRM22,B1086014,2022-05-06,A1158002,Attending
SRM22,B1086094,2022-05-06,A1158089,Attending
SRM22,B1086112,2022-05-06,A1158107,Attending
SRM22,B1086170,2022-05-06,A1158168,Attending
SRM22,B1086248,2022-05-06,A1158248,Attending
SRM22,B1086263,2022-05-06,A1158263,Attending
SRM22,B1086267,2022-05-06,A1158267,Attending
SRM22,B1086268,2022-05-06,A1158268,Attending
SRM22,B1086277,2022-05-06,A1158277,Attending
SRM22,B1086282,2022-05-06,A1158282,Attending
SRM22,B1086574,2022-05-08,A1158579,Attending
SRM22,B1086630,2022-05-08,A1158636,Attending
SRM22,B1086671,2022-05-08,A1158680,Attending
SRM22,B1086772,2022-05-09,A1158781,Attending
SRM22,B1086780,2022-05-09,A1158789,Attending
SRM22,B1086845,2022-05-09,A1158855,Attending
SRM22,B1086885,2022-05-09,A1158895,Attending
SRM22,B1086897,2022-05-09,A1158907,Attending
SRM22,B1086913,2022-05-09,A1158923,Attending
SRM22,B1086918,2022-05-09,A1158928,Attending
SRM22,B1086922,2022-05-09,A1158932,Attending
SRM22,B1086932,2022-05-09,A1158942,Attending
SRM22,B1086961,2022-05-09,A1158973,Attending
SRM22,B1087001,2022-05-09,A1159013,Attending
SRM22,B1087014,2022-05-09,A1159026,Attending
SRM22,B1087057,2022-05-09,A1159069,Attending
SRM22,B1087071,2022-05-09,A1159083,Attending
SRM22,B1087232,2022-05-10,A1159244,Attending
SRM22,B1087295,2022-05-10,A1159312,Attending
SRM22,B1087346,2022-05-10,A1159363,Attending
SRM22,B1087374,2022-05-10,A1159391,Attending
SRM22,B1087377,2022-05-10,A1159394,Attending
SRM22,B1087567,2022-05-11,A1159589,Attending
SRM22,B1087642,2022-05-11,A1159667,Attending
SRM22,B1087644,2022-05-11,A1159669,Attending
SRM22,B1087696,2022-05-11,A1159724,Attending
SRM22,B1087697,2022-05-11,A1159725,Attending
SRM22,B1087698,2022-05-11,A1159726,Attending
SRM22,B1087994,2022-05-12,A1160028,Attending
SRM22,B1088162,2022-05-12,A1160196,Attending
SRM22,B1088458,2022-05-12,A1160496,Attending
SRM22,B1088533,2022-05-13,A1160573,Attending
SRM22,B1088586,2022-05-13,A1160626,Attending
SRM22,B1088917,2022-05-15,A1160959,Attending
SRM22,B1089131,2022-05-16,A1161173,Attending
SRM22,B1089140,2022-05-16,A1161182,Attending
SRM22,B1089179,2022-05-16,A1161221,Attending
SRM22,B1089208,2022-05-16,A1161250,Attending
SRM22,B1089435,2022-05-16,A1161478,Attending
SRM22,B1089672,2022-05-17,A1161721,Attending
SRM22,B1089702,2022-05-17,A1161751,Attending
SRM22,B1089712,2022-05-17,A1161761,Attending
SRM22,B1089782,2022-05-17,A1161845,Attending
SRM22,B1089907,2022-05-17,A1161973,Attending
SRM22,B1089954,2022-05-18,A1162020,Attending
SRM22,B1089959,2022-05-18,A1162025,Attending
SRM22,B1089963,2022-05-18,A1162029,Attending
SRM22,B1089974,2022-05-18,A1162040,Attending
SRM22,B1089978,2022-05-18,A1162044,Attending
SRM22,B1089999,2022-05-18,A1162066,Attending
SRM22,B1090375,2022-05-19,A1162446,Attending
SRM22,B1090383,2022-05-19,A1162454,Attending
SRM22,B1090877,2022-05-20,A1162952,Attending
SRM22,B1090971,2022-05-21,A1163048,Attending
SRM22,B1091029,2022-05-22,A1163106,Attending
SRM22,B1091181,2022-05-23,A1163263,Attending
SRM22,B1091410,2022-05-24,A1163501,Attending
SRM22,B1091438,2022-05-24,A1163529,Attending
SRM22,B1091594,2022-05-25,A1163688,Attending
SRM22,B1091612,2022-05-25,A1163706,Attending
SRM22,B1091887,2022-05-26,A1163987,Attending
SRM22,B1091948,2022-05-26,A1164049,Attending
SRM22,B1091953,2022-05-26,A1164054,Attending
SRM22,B1091954,2022-05-26,A1164055,Attending
SRM22,B1091955,2022-05-26,A1164056,Attending
SRM22,B1091956,2022-05-26,A1164057,Attending
SRM22,B1091957,2022-05-26,A1164058,Attending
SRM22,B1091958,2022-05-26,A1164059,Attending
SRM22,B1091959,2022-05-26,A1164060,Attending
SRM22,B1091960,2022-05-26,A1164061,Attending
SRM22,B1091961,2022-05-26,A1164062,Attending
SRM22,B1091962,2022-05-26,A1164063,Attending
SRM22,B1091963,2022-05-26,A1164064,Attending
SRM22,B1091964,2022-05-26,A1164065,Attending
SRM22,B1091965,2022-05-26,A1164066,Attending
SRM22,B1091966,2022-05-26,A1164067,Attending
SRM22,B1091967,2022-05-26,A1164068,Attending
SRM22,B1091968,2022-05-26,A1164069,Attending
SRM22,B1091969,2022-05-26,A1164070,Attending
SRM22,B1091970,2022-05-26,A1164071,Attending
SRM22,B1091971,2022-05-26,A1164072,Attending
SRM22,B1091972,2022-05-26,A1164073,Attending
SRM22,B1091973,2022-05-26,A1164074,Attending
SRM22,B1091974,2022-05-26,A1164075,Attending
SRM22,B1091977,2022-05-26,A1164078,Attending
SRM22,B1091978,2022-05-26,A1164079,Attending
SRM22,B1091980,2022-05-26,A1164081,Attending
SRM22,B1091981,2022-05-26,A1164082,Attending
SRM22,B1091982,2022-05-26,A1164083,Attending
SRM22,B1091983,2022-05-26,A1164084,Attending
SRM22,B1091986,2022-05-26,A1164087,Attending
SRM22,B1091987,2022-05-26,A1164088,Attending
SRM22,B1091992,2022-05-26,A1164093,Attending
SRM22,B1091993,2022-05-26,A1164094,Attending
SRM22,B1091995,2022-05-26,A1164096,Attending
SRM22,B1091996,2022-05-26,A1164097,Attending
SRM22,B1091998,2022-05-26,A1164099,Attending
SRM22,B1091999,2022-05-26,A1164100,Attending
SRM22,B1092000,2022-05-26,A1164101,Attending
SRM22,B1092002,2022-05-26,A1164103,Attending
SRM22,B1092005,2022-05-26,A1164106,Attending
SRM22,B1092006,2022-05-26,A1164107,Attending
SRM22,B1092007,2022-05-26,A1164108,Attending
SRM22,B1092008,2022-05-26,A1164109,Attending
SRM22,B1092009,2022-05-26,A1164110,Attending
SRM22,B1092010,2022-05-26,A1164111,Attending
SRM22,B1092011,2022-05-26,A1164112,Attending
SRM22,B1092012,2022-05-26,A1164113,Attending
SRM22,B1092014,2022-05-26,A1164115,Attending
SRM22,B1092015,2022-05-26,A1164116,Attending
SRM22,B1092017,2022-05-26,A1164118,Attending
SRM22,B1092021,2022-05-26,A1164122,Attending
SRM22,B1092024,2022-05-26,A1164125,Attending
SRM22,B1092028,2022-05-26,A1164129,Attending
SRM22,B1092034,2022-05-26,A1164135,Attending
SRM22,B1092035,2022-05-26,A1164136,Attending
SRM22,B1092036,2022-05-26,A1164137,Attending
SRM22,B1092038,2022-05-26,A1164139,Attending
SRM22,B1092053,2022-05-26,A1164154,Attending
SRM22,B1092054,2022-05-26,A1164155,Attending
SRM22,B1092055,2022-05-26,A1164156,Attending
SRM22,B1092059,2022-05-26,A1164160,Attending
SRM22,B1092060,2022-05-26,A1164161,Attending
SRM22,B1092061,2022-05-26,A1164162,Attending
SRM22,B1092062,2022-05-26,A1164163,Attending
SRM22,B1092072,2022-05-26,A1164173,Attending
SRM22,B1092076,2022-05-26,A1164177,Attending
SRM22,B1092082,2022-05-26,A1164183,Attending
SRM22,B1092083,2022-05-26,A1164184,Attending
SRM22,B1092085,2022-05-26,A1164186,Attending
SRM22,B1092088,2022-05-26,A1164189,Attending
SRM22,B1092090,2022-05-26,A1164191,Attending
SRM22,B1092098,2022-05-26,A1164201,Attending
SRM22,B1092103,2022-05-26,A1164207,Attending
SRM22,B1092117,2022-05-26,A1164221,Attending
SRM22,B1092129,2022-05-26,A1164233,Attending
SRM22,B1092140,2022-05-27,A1164244,Attending
SRM22,B1092154,2022-05-27,A1164258,Attending
SRM22,B1092155,2022-05-27,A1164259,Attending
SRM22,B1092159,2022-05-27,A1164263,Attending
SRM22,B1092160,2022-05-27,A1164264,Attending
SRM22,B1092169,2022-05-27,A1164273,Attending
SRM22,B1092176,2022-05-27,A1164280,Attending
SRM22,B1092178,2022-05-27,A1164282,Attending
SRM22,B1092182,2022-05-27,A1164286,Attending
SRM22,B1092184,2022-05-27,A1164288,Attending
SRM22,B1092188,2022-05-27,A1164292,Attending
SRM22,B1092191,2022-05-27,A1164295,Attending
SRM22,B1092207,2022-05-27,A1164311,Attending
SRM22,B1092221,2022-05-27,A1164325,Attending
SRM22,B1092224,2022-05-27,A1164328,Attending
SRM22,B1092226,2022-05-27,A1164330,Attending
SRM22,B1092228,2022-05-27,A1164332,Attending
SRM22,B1092229,2022-05-27,A1164333,Attending
SRM22,B1092230,2022-05-27,A1164334,Attending
SRM22,B1092234,2022-05-27,A1164338,Attending
SRM22,B1092236,2022-05-27,A1164340,Attending
SRM22,B1092238,2022-05-27,A1164342,Attending
SRM22,B1092240,2022-05-27,A1164344,Attending
SRM22,B1092241,2022-05-27,A1164345,Attending
SRM22,B1092242,2022-05-27,A1164346,Attending
SRM22,B1092243,2022-05-27,A1164347,Attending
SRM22,B1092244,2022-05-27,A1164348,Attending
SRM22,B1092247,2022-05-27,A1164353,Attending
SRM22,B1092255,2022-05-27,A1164361,Attending
SRM22,B1092256,2022-05-27,A1164362,Attending
SRM22,B1092260,2022-05-27,A1164366,Attending
SRM22,B1092312,2022-05-27,A1164426,Attending
SRM22,B1092394,2022-05-27,A1164510,Attending
SRM22,B1092414,2022-05-27,A1164530,Attending
SRM22,B1092466,2022-05-27,A1164582,Attending
SRM22,B1092759,2022-05-30,A1164876,Attending
SRM22,B1092813,2022-05-30,A1164931,Attending
SRM22,B1092824,2022-05-30,A1164942,Attending
SRM22,B1092846,2022-05-30,A1164964,Attending
SRM22,B1092853,2022-05-30,A1164971,Attending
SRM22,B1092861,2022-05-30,A1164979,Attending
SRM22,B1092866,2022-05-30,A1164984,Attending
SRM22,B1092923,2022-05-30,A1165041,Attending
SRM22,B1092932,2022-05-30,A1165050,Attending
SRM22,B1092954,2022-05-30,A1165073,Attending
SRM22,B1093006,2022-05-30,A1165127,Attending
SRM22,B1093051,2022-05-30,A1165172,Attending
SRM22,B1093100,2022-05-31,A1165221,Attending
SRM22,B1093124,2022-05-31,A1165245,Attending
SRM22,B1093160,2022-05-31,A1165281,Attending
SRM22,B1093170,2022-05-31,A1165291,Attending
SRM22,B1093181,2022-05-31,A1165302,Attending
SRM22,B1093182,2022-05-31,A1165303,Attending
SRM22,B1093183,2022-05-31,A1165304,Attending
SRM22,B1093185,2022-05-31,A1165306,Attending
SRM22,B1093187,2022-05-31,A1165308,Attending
SRM22,B1093189,2022-05-31,A1165310,Attending
SRM22,B1093192,2022-05-31,A1165313,Attending
SRM22,B1093194,2022-05-31,A1165315,Attending
SRM22,B1093196,2022-05-31,A1165317,Attending
SRM22,B1093198,2022-05-31,A1165319,Attending
SRM22,B1093200,2022-05-31,A1165321,Attending
SRM22,B1093240,2022-05-31,A1165361,Attending
SRM22,B1093258,2022-05-31,A1165379,Attending
SRM22,B1093260,2022-05-31,A1165381,Attending
SRM22,B1093262,2022-05-31,A1165383,Attending
SRM22,B1093265,2022-05-31,A1165386,Attending
SRM22,B1093270,2022-05-31,A1165391,Attending
SRM22,B1093271,2022-05-31,A1165392,Attending
SRM22,B1093274,2022-05-31,A1165395,Attending
SRM22,B1093275,2022-05-31,A1165396,Attending
SRM22,B1093276,2022-05-31,A1165397,Attending
SRM22,B1093278,2022-05-31,A1165399,Attending
SRM22,B1093279,2022-05-31,A1165400,Attending
SRM22,B1093281,2022-05-31,A1165402,Attending
SRM22,B1093282,2022-05-31,A1165403,Attending
SRM22,B1093283,2022-05-31,A1165404,Attending
SRM22,B1093284,2022-05-31,A1165405,Attending
SRM22,B1093285,2022-05-31,A1165406,Attending
SRM22,B1093398,2022-06-01,A1165520,Attending
SRM22,B1093626,2022-06-02,A1165749,Attending
SRM22,B1093877,2022-06-04,A1166002,Attending
SRM22,B1093911,2022-06-05,A1166036,Attending
SRM22,B1094073,2022-06-06,A1166198,Attending
SRM22,B1094079,2022-06-06,A1166204,Attending
SRM22,B1094083,2022-06-06,A1166208,Attending
SRM22,B1094126,2022-06-06,A1166251,Attending
SRM22,B1094153,2022-06-06,A1166278,Attending
SRM22,B1094154,2022-06-06,A1166279,Attending
SRM22,B1094157,2022-06-06,A1166282,Attending
SRM22,B1094163,2022-06-06,A1166288,Attending
SRM22,B1094183,2022-06-06,A1166308,Attending
SRM22,B1094184,2022-06-06,A1166309,Attending
SRM22,B1094190,2022-06-06,A1166315,Attending
SRM22,B1094193,2022-06-06,A1166318,Attending
SRM22,B1094236,2022-06-06,A1166364,Attending
SRM22,B1094240,2022-06-06,A1166368,Attending
SRM22,B1094430,2022-06-07,A1166560,Attending
SRM22,B1094457,2022-06-07,A1166589,Attending
SRM22,B1094459,2022-06-07,A1166591,Attending
SRM22,B1094469,2022-06-07,A1166601,Attending
SRM22,B1094470,2022-06-07,A1166602,Attending
SRM22,B1094472,2022-06-07,A1166604,Attending
SRM22,B1094473,2022-06-07,A1166605,Attending
SRM22,B1094477,2022-06-07,A1166609,Attending
SRM22,B1094481,2022-06-07,A1166613,Attending
SRM22,B1094483,2022-06-07,A1166615,Attending
SRM22,B1094486,2022-06-07,A1166618,Attending
SRM22,B1094490,2022-06-07,A1166622,Attending
SRM22,B1094494,2022-06-07,A1166626,Attending
SRM22,B1094495,2022-06-07,A1166627,Attending
SRM22,B1094501,2022-06-07,A1166633,Attending
SRM22,B1094504,2022-06-07,A1166636,Attending
SRM22,B1094513,2022-06-07,A1166645,Attending
SRM22,B1094521,2022-06-07,A1166653,Attending
SRM22,B1094537,2022-06-07,A1166671,Attending
SRM22,B1094559,2022-06-07,A1166693,Attending
SRM22,B1094566,2022-06-07,A1166700,Attending
SRM22,B1094763,2022-06-07,A1166897,Attending
SRM22,B1094890,2022-06-07,A1167024,Attending
SRM22,B1094890,2022-06-07,A1167025,Attending
SRM22,B1094890,2022-06-07,A1167026,Attending
SRM22,B1094942,2022-06-07,A1167078,Attending
SRM22,B1094944,2022-06-07,A1167080,Attending
SRM22,B1094944,2022-06-07,A1167081,Attending
SRM22,B1094945,2022-06-07,A1167082,Attending
SRM22,B1095011,2022-06-07,A1167160,Attending
SRM22,B1095280,2022-06-08,A1167431,Attending
SRM22,B1095324,2022-06-08,A1167475,Attending
SRM22,B1095327,2022-06-08,A1167478,Attending
SRM22,B1095331,2022-06-08,A1167482,Attending
SRM22,B1095338,2022-06-08,A1167489,Attending
SRM22,B1095338,2022-06-08,A1167490,Attending
SRM22,B1095338,2022-06-08,A1167491,Attending
SRM22,B1095349,2022-06-08,A1167502,Attending
SRM22,B1095349,2022-06-08,A1167503,Attending
SRM22,B1095349,2022-06-08,A1167504,Attending
SRM22,B1095369,2022-06-08,A1167524,Attending
SRM22,B1095372,2022-06-08,A1167527,Attending
SRM22,B1095373,2022-06-08,A1167528,Attending
SRM22,B1095471,2022-06-08,A1167626,Attending
SRM22,B1095758,2022-06-08,A1167917,Attending
SRM22,B1095764,2022-06-08,A1167923,Attending
SRM22,B1095937,2022-06-08,A1168100,Attending
SRM22,B1095961,2022-06-08,A1168124,Attending
SRM22,B1095965,2022-06-08,A1168128,Attending
SRM22,B1096003,2022-06-08,A1168166,Attending
SRM22,B1096091,2022-06-08,A1168254,Attending
SRM22,B1096120,2022-06-08,A1168284,Attending
SRM22,B1096229,2022-06-09,A1168393,Attending
SRM22,B1096266,2022-06-09,A1168430,Attending
SRM22,B1096267,2022-06-09,A1168431,Attending
SRM22,B1096549,2022-06-09,A1168713,Attending
SRM22,B1096569,2022-06-09,A1168733,Attending
SRM22,B1096571,2022-06-09,A1168735,Attending
SRM22,B1096639,2022-06-09,A1168811,Attending
SRM22,B1096641,2022-06-09,A1168813,Attending
SRM22,B1096642,2022-06-09,A1168814,Attending
SRM22,B1096647,2022-06-09,A1168819,Attending
SRM22,B1096938,2022-06-10,A1169113,Attending
SRM22,B1096938,2022-06-10,A1169114,Attending
SRM22,B1096944,2022-06-10,A1169120,Attending
SRM22,B1096945,2022-06-10,A1169121,Attending
SRM22,B1096946,2022-06-10,A1169122,Attending
SRM22,B1096947,2022-06-10,A1169123,Attending
SRM22,B1096948,2022-06-10,A1169124,Attending
SRM22,B1096949,2022-06-10,A1169125,Attending
SRM22,B1096951,2022-06-10,A1169127,Attending
SRM22,B1096952,2022-06-10,A1169128,Attending
SRM22,B1096953,2022-06-10,A1169129,Attending
SRM22,B1096954,2022-06-10,A1169130,Attending
SRM22,B1096959,2022-06-10,A1169135,Attending
SRM22,B1096960,2022-06-10,A1169136,Attending
SRM22,B1096961,2022-06-10,A1169137,Attending
SRM22,B1096969,2022-06-10,A1169145,Attending
SRM22,B1096974,2022-06-10,A1169150,Attending
SRM22,B1096979,2022-06-10,A1169155,Attending
SRM22,B1097015,2022-06-10,A1169191,Attending
SRM22,B1097024,2022-06-10,A1169200,Attending
SRM22,B1097043,2022-06-10,A1169221,Attending
SRM22,B1097044,2022-06-10,A1169222,Attending
SRM22,B1097046,2022-06-10,A1169224,Attending
SRM22,B1097054,2022-06-10,A1169234,Attending
SRM22,B1097055,2022-06-10,A1169235,Attending
SRM22,B1097056,2022-06-10,A1169236,Attending
SRM22,B1097058,2022-06-10,A1169238,Attending
SRM22,B1097060,2022-06-10,A1169240,Attending
SRM22,B1097077,2022-06-10,A1169257,Attending
SRM22,B1097084,2022-06-10,A1169264,Attending
SRM22,B1097094,2022-06-10,A1169274,Attending
SRM22,B1097098,2022-06-10,A1169278,Attending
SRM22,B1097100,2022-06-10,A1169280,Attending
SRM22,B1097165,2022-06-10,A1169346,Attending
SRM22,B1097210,2022-06-10,A1169391,Attending
SRM22,B1097246,2022-06-11,A1169427,Attending
SRM22,B1097265,2022-06-11,A1169446,Attending
SRM22,B1097296,2022-06-11,A1169477,Attending
SRM22,B1097511,2022-06-13,A1169694,Attending
SRM22,B1097651,2022-06-13,A1169834,Attending
SRM22,B1097654,2022-06-13,A1169837,Attending
SRM22,B1097721,2022-06-13,A1169906,Attending
SRM22,B1097737,2022-06-13,A1169922,Attending
SRM22,B1097748,2022-06-13,A1169933,Attending
SRM22,B1097749,2022-06-13,A1169934,Attending
SRM22,B1097764,2022-06-13,A1169949,Attending
SRM22,B1097773,2022-06-13,A1169958,Attending
SRM22,B1097783,2022-06-13,A1169970,Attending
SRM22,B1097804,2022-06-13,A1169991,Attending
SRM22,B1097805,2022-06-13,A1169992,Attending
SRM22,B1097819,2022-06-13,A1170006,Attending
SRM22,B1097824,2022-06-13,A1170011,Attending
SRM22,B1097831,2022-06-13,A1170018,Attending
SRM22,B1097837,2022-06-13,A1170024,Attending
SRM22,B1097850,2022-06-14,A1170037,Attending
SRM22,B1097852,2022-06-14,A1170039,Attending
SRM22,B1097855,2022-06-14,A1170042,Attending
SRM22,B1097857,2022-06-14,A1170044,Attending
SRM22,B1097866,2022-06-14,A1170053,Attending
SRM22,B1097875,2022-06-14,A1170062,Attending
SRM22,B1097879,2022-06-14,A1170066,Attending
SRM22,B1097880,2022-06-14,A1170067,Attending
SRM22,B1097891,2022-06-14,A1170078,Attending
SRM22,B1097899,2022-06-14,A1170086,Attending
SRM22,B1097914,2022-06-14,A1170105,Attending
SRM22,B1098008,2022-06-14,A1170207,Attending
SRM22,B1098074,2022-06-15,A1170273,Attending
SRM22,B1098090,2022-06-15,A1170289,Attending
SRM22,B1098116,2022-06-15,A1170315,Attending
SRM22,B1098145,2022-06-15,A1170344,Attending
SRM22,B1098448,2022-06-16,A1170651,Attending
SRM22,B1098463,2022-06-16,A1170668,Attending
SRM22,B1098473,2022-06-16,A1170678,Attending
SRM22,B1098482,2022-06-16,A1170687,Attending
SRM22,B1098487,2022-06-16,A1170692,Attending
SRM22,B1098496,2022-06-16,A1170701,Attending
SRM22,B1098527,2022-06-16,A1170734,Attending
SRM22,B1098539,2022-06-16,A1170746,Attending
SRM22,B1098554,2022-06-16,A1170761,Attending
SRM22,B1098557,2022-06-16,A1170764,Attending
SRM22,B1098563,2022-06-16,A1170770,Attending
SRM22,B1098572,2022-06-16,A1170779,Attending
SRM22,B1098575,2022-06-16,A1170782,Attending
SRM22,B1098620,2022-06-16,A1170829,Attending
SRM22,B1098663,2022-06-16,A1170873,Attending
SRM22,B1098664,2022-06-16,A1170874,Attending
SRM22,B1098687,2022-06-16,A1170898,Attending
SRM22,B1098692,2022-06-16,A1170903,Attending
SRM22,B1098729,2022-06-16,A1170944,Attending
SRM22,B1098747,2022-06-16,A1170962,Attending
SRM22,B1098763,2022-06-17,A1170978,Attending
SRM22,B1098779,2022-06-17,A1170994,Attending
SRM22,B1098790,2022-06-17,A1171005,Attending
SRM22,B1098830,2022-06-17,A1171045,Attending
SRM22,B1098834,2022-06-17,A1171049,Attending
SRM22,B1098871,2022-06-17,A1171087,Attending
SRM22,B1099010,2022-06-18,A1171227,Attending
SRM22,B1099012,2022-06-18,A1171229,Attending
SRM22,B1099042,2022-06-18,A1171259,Attending
SRM22,B1099072,2022-06-19,A1171289,Attending
SRM22,B1099113,2022-06-19,A1171330,Attending
SRM22,B1099152,2022-06-20,A1171371,Attending
SRM22,B1099154,2022-06-20,A1171373,Attending
SRM22,B1099159,2022-06-20,A1171378,Attending
SRM22,B1099160,2022-06-20,A1171379,Attending
SRM22,B1099163,2022-06-20,A1171382,Attending
SRM22,B1099164,2022-06-20,A1171383,Attending
SRM22,B1099173,2022-06-20,A1171392,Attending
SRM22,B1099250,2022-06-20,A1171471,Attending
SRM22,B1099494,2022-06-21,A1171726,Attending
SRM22,B1099521,2022-06-21,A1171755,Attending
SRM22,B1099625,2022-06-21,A1171877,Attending
SRM22,B1099640,2022-06-21,A1171892,Attending
SRM22,B1099674,2022-06-22,A1171926,Attending
SRM22,B1099717,2022-06-22,A1171969,Attending
SRM22,B1099839,2022-06-22,A1172098,Attending
SRM22,B1100078,2022-06-23,A1172343,Attending
SRM22,B1102655,2022-06-25,A1174941,Attending
SRM22,B1104172,2022-06-27,A1176459,Attending
SRM22,B1104295,2022-06-28,A1176585,Attending
SRM22,B1104403,2022-06-28,A1176705,Attending
SRM22,B1104468,2022-06-28,A1176783,Attending
SRM22,B1104682,2022-06-29,A1177004,Attending
SRM22,B1105660,2022-07-06,A1178058,Attending
SRM22,B1105664,2022-07-06,A1178062,Attending
SRM22,B1105764,2022-07-07,A1178165,Attending
SRM22,B1105884,2022-07-08,A1178291,Attending
SRM22,B1106387,2022-07-19,A1178849,Attending
SRM23,B1148813,2023-01-30,A1221895,Attending
SRM23,B1155189,2023-02-17,A1228340,Attending
SRM23,B1157743,2023-02-24,A1230927,Attending
SRM23,B1157849,2023-02-24,A1231033,Attending
SRM23,B1157874,2023-02-24,A1231061,Attending
SRM23,B1158326,2023-02-27,A1231522,Attending
SRM23,B1158329,2023-02-27,A1231525,Attending
SRM23,B1158331,2023-02-27,A1231527,Attending
SRM23,B1158333,2023-02-27,A1231529,Attending
SRM23,B1158335,2023-02-27,A1231531,Attending
SRM23,B1158336,2023-02-27,A1231532,Attending
SRM23,B1158338,2023-02-27,A1231534,Cancelled
SRM23,B1158342,2023-02-27,A1231538,Attending
SRM23,B1158343,2023-02-27,A1231539,Attending
SRM23,B1158345,2023-02-27,A1231541,Attending
SRM23,B1158346,2023-02-27,A1231542,Attending
SRM23,B1158350,2023-02-27,A1231546,Attending
SRM23,B1158352,2023-02-27,A1231548,Attending
SRM23,B1158354,2023-02-27,A1231550,Attending
SRM23,B1158356,2023-02-27,A1231552,Attending
SRM23,B1158358,2023-02-27,A1231554,Attending
SRM23,B1158359,2023-02-27,A1231555,Attending
SRM23,B1158362,2023-02-27,A1231558,Attending
SRM23,B1158364,2023-02-27,A1231560,Attending
SRM23,B1158365,2023-02-27,A1231561,Attending
SRM23,B1158368,2023-02-27,A1231564,Cancelled
SRM23,B1158371,2023-02-27,A1231567,Attending
SRM23,B1158372,2023-02-27,A1231568,Attending
SRM23,B1158430,2023-02-27,A1231626,Attending
SRM23,B1158447,2023-02-27,A1231643,Attending
SRM23,B1158450,2023-02-27,A1231646,Attending
SRM23,B1158469,2023-02-27,A1231665,Attending
SRM23,B1158543,2023-02-27,A1231749,Attending
SRM23,B1158547,2023-02-27,A1231755,Attending
SRM23,B1158589,2023-02-27,A1231797,Attending
SRM23,B1158971,2023-02-28,A1232181,Cancelled
SRM23,B1159150,2023-02-28,A1232360,Cancelled
SRM23,B1159151,2023-02-28,A1232361,Attending
SRM23,B1159597,2023-03-01,A1232809,Attending
SRM23,B1160403,2023-03-02,A1233637,Attending
SRM23,B1160406,2023-03-02,A1233640,Attending
SRM23,B1160407,2023-03-02,A1233641,Cancelled
SRM23,B1160462,2023-03-02,A1233698,Attending
SRM23,B1160463,2023-03-02,A1233699,Attending
SRM23,B1160465,2023-03-02,A1233701,Attending
SRM23,B1160466,2023-03-02,A1233702,Attending
SRM23,B1160467,2023-03-02,A1233703,Attending
SRM23,B1160468,2023-03-02,A1233704,Attending
SRM23,B1160469,2023-03-02,A1233705,Attending
SRM23,B1160470,2023-03-02,A1233706,Attending
SRM23,B1160471,2023-03-02,A1233707,Attending
SRM23,B1160472,2023-03-02,A1233708,Attending
SRM23,B1160474,2023-03-02,A1233710,Attending
SRM23,B1160475,2023-03-02,A1233711,Attending
SRM23,B1160476,2023-03-02,A1233712,Attending
SRM23,B1160477,2023-03-02,A1233713,Attending
SRM23,B1160478,2023-03-02,A1233714,Attending
SRM23,B1160479,2023-03-02,A1233715,Attending
SRM23,B1160480,2023-03-02,A1233716,Attending
SRM23,B1160481,2023-03-02,A1233717,Attending
SRM23,B1160482,2023-03-02,A1233718,Attending
SRM23,B1160485,2023-03-02,A1233721,Attending
SRM23,B1160486,2023-03-02,A1233722,Attending
SRM23,B1160488,2023-03-02,A1233725,Attending
SRM23,B1160489,2023-03-02,A1233726,Attending
SRM23,B1160490,2023-03-02,A1233727,Attending
SRM23,B1160492,2023-03-02,A1233729,Attending
SRM23,B1160495,2023-03-02,A1233732,Attending
SRM23,B1160497,2023-03-02,A1233734,Attending
SRM23,B1160502,2023-03-02,A1233739,Attending
SRM23,B1160507,2023-03-02,A1233744,Attending
SRM23,B1160508,2023-03-02,A1233745,Attending
SRM23,B1160509,2023-03-02,A1233746,Attending
SRM23,B1160511,2023-03-02,A1233748,Attending
SRM23,B1160512,2023-03-02,A1233749,Attending
SRM23,B1160513,2023-03-02,A1233750,Attending
SRM23,B1160514,2023-03-02,A1233751,Attending
SRM23,B1160522,2023-03-02,A1233759,Attending
SRM23,B1160523,2023-03-02,A1233760,Attending
SRM23,B1160527,2023-03-02,A1233764,Cancelled
SRM23,B1160528,2023-03-02,A1233765,Attending
SRM23,B1160530,2023-03-02,A1233767,Attending
SRM23,B1160531,2023-03-02,A1233768,Attending
SRM23,B1160533,2023-03-02,A1233770,Attending
SRM23,B1160535,2023-03-02,A1233772,Attending
SRM23,B1160537,2023-03-02,A1233774,Attending
SRM23,B1160540,2023-03-02,A1233777,Attending
SRM23,B1160545,2023-03-02,A1233783,Attending
SRM23,B1160548,2023-03-02,A1233786,Attending
SRM23,B1160549,2023-03-02,A1233787,Attending
SRM23,B1160551,2023-03-02,A1233789,Attending
SRM23,B1160552,2023-03-02,A1233790,Attending
SRM23,B1160560,2023-03-02,A1233798,Attending
SRM23,B1160563,2023-03-02,A1233801,Attending
SRM23,B1160565,2023-03-02,A1233803,Attending
SRM23,B1160569,2023-03-02,A1233807,Attending
SRM23,B1160571,2023-03-02,A1233809,Attending
SRM23,B1160574,2023-03-02,A1233812,Attending
SRM23,B1160583,2023-03-02,A1233821,Attending
SRM23,B1160584,2023-03-02,A1233822,Cancelled
SRM23,B1160587,2023-03-02,A1233825,Attending
SRM23,B1160591,2023-03-02,A1233829,Attending
SRM23,B1160594,2023-03-02,A1233832,Attending
SRM23,B1160599,2023-03-02,A1233838,Attending
SRM23,B1160601,2023-03-02,A1233840,Attending
SRM23,B1160603,2023-03-02,A1233842,Attending
SRM23,B1160607,2023-03-02,A1233846,Attending
SRM23,B1160608,2023-03-02,A1233847,Attending
SRM23,B1160612,2023-03-02,A1233851,Attending
SRM23,B1160618,2023-03-02,A1233857,Cancelled
SRM23,B1160620,2023-03-02,A1233859,Attending
SRM23,B1160624,2023-03-02,A1233863,Attending
SRM23,B1160630,2023-03-02,A1233869,Attending
SRM23,B1160640,2023-03-02,A1233879,Attending
SRM23,B1160644,2023-03-02,A1233883,Attending
SRM23,B1160654,2023-03-02,A1233893,Attending
SRM23,B1160662,2023-03-02,A1233901,Attending
SRM23,B1160664,2023-03-02,A1233903,Attending
SRM23,B1160665,2023-03-02,A1233904,Attending
SRM23,B1160667,2023-03-02,A1233906,Attending
SRM23,B1160678,2023-03-02,A1233917,Attending
SRM23,B1160705,2023-03-02,A1233944,Attending
SRM23,B1160756,2023-03-02,A1233996,Attending
SRM23,B1160758,2023-03-02,A1233998,Attending
SRM23,B1160761,2023-03-02,A1234001,Attending
SRM23,B1160763,2023-03-02,A1234003,Attending
SRM23,B1160766,2023-03-02,A1234006,Attending
SRM23,B1160769,2023-03-02,A1234010,Attending
SRM23,B1160828,2023-03-02,A1234069,Attending
SRM23,B1160860,2023-03-02,A1234101,Attending
SRM23,B1160887,2023-03-02,A1234129,Attending
SRM23,B1161008,2023-03-03,A1234253,Attending
SRM23,B1161009,2023-03-03,A1234254,Attending
SRM23,B1161010,2023-03-03,A1234255,Attending
SRM23,B1161012,2023-03-03,A1234257,Attending
SRM23,B1161013,2023-03-03,A1234258,Attending
SRM23,B1161014,2023-03-03,A1234259,Attending
SRM23,B1161015,2023-03-03,A1234260,Attending
SRM23,B1161020,2023-03-03,A1234265,Attending
SRM23,B1161024,2023-03-03,A1234269,Attending
SRM23,B1161029,2023-03-03,A1234274,Attending
SRM23,B1161030,2023-03-03,A1234275,Attending
SRM23,B1161033,2023-03-03,A1234278,Attending
SRM23,B1161035,2023-03-03,A1234280,Attending
SRM23,B1161040,2023-03-03,A1234285,Attending
SRM23,B1161049,2023-03-03,A1234294,Attending
SRM23,B1161051,2023-03-03,A1234296,Cancelled
SRM23,B1161056,2023-03-03,A1234301,Attending
SRM23,B1161058,2023-03-03,A1234303,Attending
SRM23,B1161072,2023-03-03,A1234317,Attending
SRM23,B1161083,2023-03-03,A1234328,Attending
SRM23,B1161084,2023-03-03,A1234329,Cancelled
SRM23,B1161085,2023-03-03,A1234330,Attending
SRM23,B1161095,2023-03-03,A1234340,Attending
SRM23,B1161113,2023-03-03,A1234358,Attending
SRM23,B1161192,2023-03-03,A1234438,Attending
SRM23,B1161200,2023-03-03,A1234446,Attending
SRM23,B1161208,2023-03-03,A1234454,Attending
SRM23,B1161209,2023-03-03,A1234455,Attending
SRM23,B1161224,2023-03-03,A1234470,Attending
SRM23,B1161241,2023-03-03,A1234487,Attending
SRM23,B1161362,2023-03-03,A1234614,Attending
SRM23,B1161409,2023-03-03,A1234661,Attending
SRM23,B1161475,2023-03-03,A1234727,Attending
SRM23,B1161709,2023-03-04,A1234964,Attending
SRM23,B1161715,2023-03-04,A1234970,Attending
SRM23,B1161886,2023-03-05,A1235141,Attending
SRM23,B1161918,2023-03-05,A1235173,Attending
SRM23,B1161951,2023-03-06,A1235206,Attending
SRM23,B1161978,2023-03-06,A1235233,Attending
SRM23,B1161989,2023-03-06,A1235244,Attending
SRM23,B1162024,2023-03-06,A1235279,Attending
SRM23,B1162027,2023-03-06,A1235282,Attending
SRM23,B1162030,2023-03-06,A1235285,Attending
SRM23,B1162126,2023-03-06,A1235382,Attending
SRM23,B1162149,2023-03-06,A1235407,Attending
SRM23,B1162210,2023-03-06,A1235468,Attending
SRM23,B1162221,2023-03-06,A1235479,Attending
SRM23,B1162222,2023-03-06,A1235480,Attending
SRM23,B1162224,2023-03-06,A1235482,Attending
SRM23,B1162267,2023-03-06,A1235525,Attending
SRM23,B1162354,2023-03-06,A1235614,Attending
SRM23,B1162458,2023-03-06,A1235718,Attending
SRM23,B1162538,2023-03-07,A1235798,Attending
SRM23,B1162574,2023-03-07,A1235834,Attending
SRM23,B1162576,2023-03-07,A1235836,Attending
SRM23,B1162581,2023-03-07,A1235841,Attending
SRM23,B1162583,2023-03-07,A1235843,Attending
SRM23,B1162584,2023-03-07,A1235844,Attending
SRM23,B1162586,2023-03-07,A1235846,Attending
SRM23,B1162593,2023-03-07,A1235853,Attending
SRM23,B1162596,2023-03-07,A1235856,Attending
SRM23,B1162598,2023-03-07,A1235858,Attending
SRM23,B1162599,2023-03-07,A1235859,Attending
SRM23,B1162600,2023-03-07,A1235860,Attending
SRM23,B1162604,2023-03-07,A1235864,Attending
SRM23,B1162606,2023-03-07,A1235866,Attending
SRM23,B1162607,2023-03-07,A1235867,Attending
SRM23,B1162608,2023-03-07,A1235868,Attending
SRM23,B1162615,2023-03-07,A1235875,Attending
SRM23,B1162621,2023-03-07,A1235881,Attending
SRM23,B1162626,2023-03-07,A1235886,Attending
SRM23,B1162628,2023-03-07,A1235888,Attending
SRM23,B1162633,2023-03-07,A1235893,Attending
SRM23,B1162735,2023-03-07,A1236001,Attending
SRM23,B1162751,2023-03-07,A1236017,Attending
SRM23,B1162753,2023-03-07,A1236019,Attending
SRM23,B1162804,2023-03-07,A1236070,Attending
SRM23,B1162828,2023-03-07,A1236094,Attending
SRM23,B1162958,2023-03-08,A1236224,Attending
SRM23,B1162987,2023-03-08,A1236253,Attending
SRM23,B1162989,2023-03-08,A1236255,Attending
SRM23,B1162995,2023-03-08,A1236261,Attending
SRM23,B1163203,2023-03-08,A1236469,Attending
SRM23,B1163205,2023-03-08,A1236471,Attending
SRM23,B1163370,2023-03-09,A1236638,Attending
SRM23,B1163397,2023-03-09,A1236665,Attending
SRM23,B1163454,2023-03-09,A1236722,Attending
SRM23,B1163459,2023-03-09,A1236727,Attending
SRM23,B1163460,2023-03-09,A1236728,Attending
SRM23,B1163573,2023-03-09,A1236841,Attending
SRM23,B1163637,2023-03-09,A1236905,Attending
SRM23,B1163689,2023-03-09,A1236957,Attending
SRM23,B1163717,2023-03-09,A1236985,Attending
SRM23,B1163875,2023-03-10,A1237144,Attending
SRM23,B1163910,2023-03-10,A1237179,Attending
SRM23,B1163922,2023-03-10,A1237191,Attending
SRM23,B1164011,2023-03-10,A1237281,Attending
SRM23,B1164077,2023-03-11,A1237348,Attending
SRM23,B1164079,2023-03-11,A1237350,Attending
SRM23,B1164169,2023-03-12,A1237440,Attending
SRM23,B1164238,2023-03-12,A1237510,Attending
SRM23,B1164241,2023-03-12,A1237513,Attending
SRM23,B1164431,2023-03-13,A1237705,Attending
SRM23,B1164439,2023-03-13,A1237713,Attending
SRM23,B1164442,2023-03-13,A1237716,Attending
SRM23,B1164692,2023-03-14,A1237967,Attending
SRM23,B1164694,2023-03-14,A1237969,Attending
SRM23,B1164714,2023-03-14,A1237989,Attending
SRM23,B1164723,2023-03-14,A1237998,Attending
SRM23,B1164744,2023-03-14,A1238019,Attending
SRM23,B1164919,2023-03-15,A1238196,Attending
SRM23,B1164967,2023-03-15,A1238246,Attending
SRM23,B1165013,2023-03-15,A1238293,Attending
SRM23,B1165091,2023-03-15,A1238371,Attending
SRM23,B1165270,2023-03-16,A1238551,Attending
SRM23,B1165280,2023-03-16,A1238561,Attending
SRM23,B1165283,2023-03-16,A1238564,Attending
SRM23,B1165369,2023-03-16,A1238650,Attending
SRM23,B1165437,2023-03-16,A1238718,Attending
SRM23,B1165537,2023-03-17,A1238818,Attending
SRM23,B1165889,2023-03-19,A1239172,Attending
SRM23,B1165933,2023-03-20,A1239216,Attending
SRM23,B1166016,2023-03-20,A1239300,Attending
SRM23,B1166072,2023-03-20,A1239356,Attending
SRM23,B1166238,2023-03-20,A1239523,Attending
SRM23,B1166361,2023-03-21,A1239653,Attending
SRM23,B1166452,2023-03-21,A1239744,Attending
SRM23,B1166455,2023-03-21,A1239747,Attending
SRM23,B1167194,2023-03-24,A1240492,Attending
SRM23,B1167224,2023-03-24,A1240522,Attending
SRM23,B1167315,2023-03-24,A1240613,Attending
SRM23,B1167714,2023-03-27,A1241014,Attending
SRM23,B1167731,2023-03-27,A1241031,Attending
SRM23,B1167939,2023-03-28,A1241240,Cancelled
SRM23,B1168511,2023-03-30,A1241825,Attending
SRM23,B1168539,2023-03-30,A1241853,Attending
SRM23,B1168556,2023-03-31,A1241870,Attending
SRM23,B1168653,2023-03-31,A1241971,Attending
SRM23,B1168660,2023-03-31,A1241978,Attending
SRM23,B1169101,2023-04-03,A1242424,Attending
SRM23,B1169113,2023-04-03,A1242436,Attending
SRM23,B1169114,2023-04-03,A1242437,Attending
SRM23,B1169200,2023-04-04,A1242525,Attending
SRM23,B1169544,2023-04-05,A1242871,Attending
SRM23,B1170338,2023-04-12,A1243666,Attending
SRM23,B1170341,2023-04-12,A1243669,Cancelled
SRM23,B1170503,2023-04-13,A1243831,Attending
SRM23,B1170574,2023-04-13,A1243902,Attending
SRM23,B1171080,2023-04-15,A1244410,Attending
SRM23,B1171677,2023-04-18,A1245017,Attending
SRM23,B1172461,2023-04-20,A1245806,Attending
SRM23,B1172463,2023-04-20,A1245808,Attending
SRM23,B1172480,2023-04-20,A1245825,Attending
SRM23,B1172491,2023-04-20,A1245836,Attending
SRM23,B1172536,2023-04-20,A1245881,Attending
SRM23,B1172557,2023-04-21,A1245902,Attending
SRM23,B1172587,2023-04-21,A1245932,Attending
SRM23,B1172604,2023-04-21,A1245949,Attending
SRM23,B1172674,2023-04-21,A1246019,Attending
SRM23,B1172752,2023-04-21,A1246098,Attending
SRM23,B1173057,2023-04-22,A1246405,Attending
SRM23,B1173261,2023-04-24,A1246610,Attending
SRM23,B1173298,2023-04-24,A1246647,Attending
SRM23,B1173417,2023-04-24,A1246766,Attending
SRM23,B1173431,2023-04-24,A1246780,Attending
SRM23,B1173450,2023-04-24,A1246799,Attending
SRM23,B1173594,2023-04-24,A1246943,Attending
SRM23,B1173825,2023-04-25,A1247174,Attending
SRM23,B1174210,2023-04-26,A1247562,Attending
SRM23,B1174389,2023-04-26,A1247742,Attending
SRM23,B1174405,2023-04-26,A1247758,Attending
SRM23,B1174474,2023-04-26,A1247827,Attending
SRM23,B1176341,2023-05-02,A1249711,Attending
SRM23,B1176342,2023-05-02,A1249712,Attending
SRM23,B1176343,2023-05-02,A1249713,Attending
SRM23,B1176346,2023-05-02,A1249716,Attending
SRM23,B1176347,2023-05-02,A1249717,Attending
SRM23,B1176350,2023-05-02,A1249720,Attending
SRM23,B1176353,2023-05-02,A1249723,Attending
SRM23,B1176370,2023-05-02,A1249740,Attending
SRM23,B1176371,2023-05-02,A1249741,Attending
SRM23,B1176372,2023-05-02,A1249742,Attending
SRM23,B1176373,2023-05-02,A1249743,Attending
SRM23,B1176375,2023-05-02,A1249745,Attending
SRM23,B1177197,2023-05-03,A1250578,Attending
SRM23,B1177208,2023-05-03,A1250591,Attending
SRM23,B1177217,2023-05-03,A1250600,Attending
SRM23,B1177243,2023-05-03,A1250626,Attending
SRM23,B1177372,2023-05-04,A1250756,Attending
SRM23,B1177384,2023-05-04,A1250768,Attending
SRM23,B1177385,2023-05-04,A1250769,Attending
SRM23,B1177386,2023-05-04,A1250770,Attending
SRM23,B1177421,2023-05-04,A1250805,Attending
SRM23,B1177439,2023-05-04,A1250826,Attending
SRM23,B1177469,2023-05-04,A1250856,Attending
SRM23,B1178027,2023-05-07,A1251416,Attending
SRM23,B1178444,2023-05-09,A1251837,Attending
SRM23,B1178448,2023-05-09,A1251841,Attending
SRM23,B1178470,2023-05-09,A1251863,Attending
SRM23,B1178474,2023-05-09,A1251867,Attending
SRM23,B1178617,2023-05-09,A1252010,Attending
SRM23,B1178648,2023-05-09,A1252042,Attending
SRM23,B1178694,2023-05-09,A1252088,Attending
SRM23,B1179683,2023-05-12,A1253111,Attending
SRM23,B1179756,2023-05-12,A1253184,Attending
SRM23,B1179766,2023-05-12,A1253194,Attending
SRM23,B1179799,2023-05-12,A1253227,Attending
SRM23,B1179800,2023-05-12,A1253228,Attending
SRM23,B1179801,2023-05-12,A1253229,Attending
SRM23,B1179802,2023-05-12,A1253230,Attending
SRM23,B1179803,2023-05-12,A1253231,Attending
SRM23,B1179804,2023-05-12,A1253232,Attending
SRM23,B1179806,2023-05-12,A1253234,Attending
SRM23,B1179807,2023-05-12,A1253235,Attending
SRM23,B1180201,2023-05-15,A1253630,Attending
SRM23,B1180202,2023-05-15,A1253631,Attending
SRM23,B1180284,2023-05-15,A1253713,Attending
SRM23,B1180285,2023-05-15,A1253714,Attending
SRM23,B1180286,2023-05-15,A1253715,Attending
SRM23,B1180288,2023-05-15,A1253717,Attending
SRM23,B1180290,2023-05-15,A1253719,Attending
SRM23,B1180293,2023-05-15,A1253722,Attending
SRM23,B1180294,2023-05-15,A1253723,Attending
SRM23,B1180390,2023-05-15,A1253819,Attending
SRM23,B1180424,2023-05-15,A1253853,Attending
SRM23,B1180506,2023-05-15,A1253937,Attending
SRM23,B1180532,2023-05-15,A1253963,Attending
SRM23,B1180533,2023-05-15,A1253964,Attending
SRM23,B1180601,2023-05-16,A1254032,Attending
SRM23,B1180603,2023-05-16,A1254034,Attending
SRM23,B1180642,2023-05-16,A1254073,Attending
SRM23,B1180703,2023-05-16,A1254134,Attending
SRM23,B1180714,2023-05-16,A1254146,Attending
SRM23,B1180731,2023-05-16,A1254163,Attending
SRM23,B1180754,2023-05-16,A1254186,Attending
SRM23,B1180758,2023-05-16,A1254190,Attending
SRM23,B1180785,2023-05-16,A1254218,Attending
SRM23,B1180805,2023-05-16,A1254238,Attending
SRM23,B1181108,2023-05-17,A1254544,Attending
SRM23,B1181109,2023-05-17,A1254545,Attending
SRM23,B1181112,2023-05-17,A1254548,Attending
SRM23,B1181115,2023-05-17,A1254551,Attending
SRM23,B1181127,2023-05-17,A1254563,Attending
SRM23,B1181143,2023-05-17,A1254580,Attending
SRM23,B1181162,2023-05-17,A1254599,Attending
SRM23,B1181165,2023-05-17,A1254602,Attending
SRM23,B1181178,2023-05-17,A1254615,Attending
SRM23,B1181190,2023-05-17,A1254627,Attending
SRM23,B1181204,2023-05-17,A1254641,Attending
SRM23,B1181226,2023-05-17,A1254663,Attending
SRM23,B1181260,2023-05-17,A1254697,Attending
SRM23,B1181302,2023-05-17,A1254739,Attending
SRM23,B1181313,2023-05-17,A1254750,Attending
SRM23,B1181358,2023-05-17,A1254795,Attending
SRM23,B1181375,2023-05-17,A1254812,Attending
SRM23,B1181381,2023-05-17,A1254819,Attending
SRM23,B1181390,2023-05-17,A1254828,Attending
SRM23,B1181411,2023-05-18,A1254849,Attending
SRM23,B1181412,2023-05-18,A1254850,Attending
SRM23,B1181414,2023-05-18,A1254852,Attending
SRM23,B1181419,2023-05-18,A1254857,Attending
SRM23,B1181429,2023-05-18,A1254867,Attending
SRM23,B1181434,2023-05-18,A1254872,Attending
SRM23,B1181444,2023-05-18,A1254882,Attending
SRM23,B1181454,2023-05-18,A1254892,Attending
SRM23,B1181468,2023-05-18,A1254906,Attending
SRM23,B1181470,2023-05-18,A1254908,Attending
SRM23,B1181472,2023-05-18,A1254910,Attending
SRM23,B1181474,2023-05-18,A1254912,Attending
SRM23,B1181476,2023-05-18,A1254914,Attending
SRM23,B1181478,2023-05-18,A1254916,Attending
SRM23,B1181486,2023-05-18,A1254924,Attending
SRM23,B1181497,2023-05-18,A1254942,Attending
SRM23,B1181502,2023-05-18,A1254947,Attending
SRM23,B1181506,2023-05-18,A1254951,Attending
SRM23,B1181510,2023-05-18,A1254955,Attending
SRM23,B1181521,2023-05-18,A1254966,Attending
SRM23,B1181535,2023-05-18,A1254980,Attending
SRM23,B1181540,2023-05-18,A1254985,Attending
SRM23,B1181589,2023-05-18,A1255034,Attending
SRM23,B1181592,2023-05-18,A1255037,Attending
SRM23,B1181593,2023-05-18,A1255038,Attending
SRM23,B1181689,2023-05-19,A1255134,Attending
SRM23,B1181697,2023-05-19,A1255142,Attending
SRM23,B1181705,2023-05-19,A1255150,Attending
SRM23,B1181709,2023-05-19,A1255154,Attending
SRM23,B1181710,2023-05-19,A1255155,Attending
SRM23,B1181719,2023-05-19,A1255164,Attending
SRM23,B1181720,2023-05-19,A1255165,Attending
SRM23,B1181733,2023-05-19,A1255178,Attending
SRM23,B1181744,2023-05-19,A1255189,Attending
SRM23,B1181773,2023-05-19,A1255218,Attending
SRM23,B1181829,2023-05-19,A1255274,Attending
SRM23,B1181962,2023-05-20,A1255407,Attending
SRM23,B1181984,2023-05-20,A1255429,Attending
SRM23,B1182077,2023-05-21,A1255522,Attending
SRM23,B1182112,2023-05-21,A1255557,Attending
SRM23,B1182150,2023-05-21,A1255595,Attending
SRM23,B1182201,2023-05-22,A1255646,Attending
SRM23,B1182219,2023-05-22,A1255664,Attending
SRM23,B1182240,2023-05-22,A1255685,Attending
SRM23,B1182242,2023-05-22,A1255687,Attending
SRM23,B1182244,2023-05-22,A1255689,Attending
SRM23,B1182246,2023-05-22,A1255691,Attending
SRM23,B1182251,2023-05-22,A1255696,Attending
SRM23,B1182254,2023-05-22,A1255699,Attending
SRM23,B1182296,2023-05-22,A1255743,Attending
SRM23,B1182316,2023-05-22,A1255763,Attending
SRM23,B1182332,2023-05-22,A1255779,Attending
SRM23,B1182346,2023-05-22,A1255794,Attending
SRM23,B1182350,2023-05-22,A1255797,Attending
SRM23,B1182358,2023-05-22,A1255805,Attending
SRM23,B1182453,2023-05-22,A1255900,Attending
SRM23,B1182459,2023-05-22,A1255906,Attending
SRM23,B1182463,2023-05-22,A1255910,Attending
SRM23,B1182530,2023-05-22,A1255977,Attending
SRM23,B1182719,2023-05-23,A1256167,Attending
SRM23,B1182722,2023-05-23,A1256170,Attending
SRM23,B1182724,2023-05-23,A1256172,Attending
SRM23,B1182798,2023-05-23,A1256246,Attending
SRM23,B1182798,2023-05-23,A1256247,Attending
SRM23,B1182822,2023-05-23,A1256271,Attending
SRM23,B1182854,2023-05-23,A1256303,Attending
SRM23,B1182858,2023-05-23,A1256307,Attending
SRM23,B1182859,2023-05-23,A1256308,Attending
SRM23,B1182860,2023-05-23,A1256309,Attending
SRM23,B1182861,2023-05-23,A1256310,Attending
SRM23,B1182862,2023-05-23,A1256311,Attending
SRM23,B1182864,2023-05-23,A1256313,Attending
SRM23,B1182865,2023-05-23,A1256314,Attending
SRM23,B1182866,2023-05-23,A1256315,Attending
SRM23,B1182867,2023-05-23,A1256316,Attending
SRM23,B1182868,2023-05-23,A1256317,Attending
SRM23,B1182869,2023-05-23,A1256318,Attending
SRM23,B1182871,2023-05-23,A1256320,Attending
SRM23,B1182872,2023-05-23,A1256321,Attending
SRM23,B1182873,2023-05-23,A1256322,Attending
SRM23,B1182875,2023-05-23,A1256324,Attending
SRM23,B1182882,2023-05-23,A1256331,Attending
SRM23,B1182885,2023-05-23,A1256334,Attending
SRM23,B1182886,2023-05-23,A1256335,Attending
SRM23,B1182890,2023-05-23,A1256339,Attending
SRM23,B1182894,2023-05-23,A1256343,Attending
SRM23,B1182895,2023-05-23,A1256344,Attending
SRM23,B1182896,2023-05-23,A1256345,Attending
SRM23,B1182896,2023-05-23,A1256350,Attending
SRM23,B1182897,2023-05-23,A1256346,Attending
SRM23,B1182898,2023-05-23,A1256347,Attending
SRM23,B1182899,2023-05-23,A1256348,Attending
SRM23,B1182900,2023-05-23,A1256349,Attending
SRM23,B1182902,2023-05-23,A1256352,Attending
SRM23,B1182903,2023-05-23,A1256353,Attending
SRM23,B1182904,2023-05-23,A1256354,Attending
SRM23,B1182906,2023-05-23,A1256356,Attending
SRM23,B1182907,2023-05-23,A1256357,Attending
SRM23,B1182908,2023-05-23,A1256358,Attending
SRM23,B1182913,2023-05-23,A1256363,Attending
SRM23,B1182914,2023-05-23,A1256364,Attending
SRM23,B1182915,2023-05-23,A1256365,Attending
SRM23,B1182916,2023-05-23,A1256366,Attending
SRM23,B1182917,2023-05-23,A1256367,Attending
SRM23,B1182918,2023-05-23,A1256368,Attending
SRM23,B1182920,2023-05-23,A1256370,Attending
SRM23,B1182923,2023-05-23,A1256373,Attending
SRM23,B1182931,2023-05-23,A1256381,Attending
SRM23,B1182932,2023-05-23,A1256382,Attending
SRM23,B1182933,2023-05-23,A1256383,Attending
SRM23,B1182944,2023-05-23,A1256394,Attending
SRM23,B1182951,2023-05-23,A1256401,Attending
SRM23,B1182952,2023-05-23,A1256402,Attending
SRM23,B1182957,2023-05-23,A1256407,Attending
SRM23,B1182958,2023-05-23,A1256408,Attending
SRM23,B1182963,2023-05-23,A1256413,Attending
SRM23,B1182969,2023-05-23,A1256419,Attending
SRM23,B1182970,2023-05-23,A1256420,Attending
SRM23,B1182971,2023-05-23,A1256421,Attending
SRM23,B1182975,2023-05-23,A1256425,Attending
SRM23,B1182988,2023-05-23,A1256438,Attending
SRM23,B1182996,2023-05-23,A1256446,Attending
SRM23,B1183001,2023-05-23,A1256451,Attending
SRM23,B1183013,2023-05-23,A1256463,Attending
SRM23,B1183025,2023-05-24,A1256475,Attending
SRM23,B1183036,2023-05-24,A1256486,Attending
SRM23,B1183037,2023-05-24,A1256487,Attending
SRM23,B1183038,2023-05-24,A1256488,Attending
SRM23,B1183039,2023-05-24,A1256489,Attending
SRM23,B1183043,2023-05-24,A1256493,Attending
SRM23,B1183044,2023-05-24,A1256494,Attending
SRM23,B1183045,2023-05-24,A1256495,Attending
SRM23,B1183046,2023-05-24,A1256496,Attending
SRM23,B1183047,2023-05-24,A1256497,Attending
SRM23,B1183049,2023-05-24,A1256499,Attending
SRM23,B1183050,2023-05-24,A1256500,Attending
SRM23,B1183051,2023-05-24,A1256501,Attending
SRM23,B1183053,2023-05-24,A1256503,Attending
SRM23,B1183054,2023-05-24,A1256504,Attending
SRM23,B1183056,2023-05-24,A1256506,Attending
SRM23,B1183057,2023-05-24,A1256507,Attending
SRM23,B1183058,2023-05-24,A1256508,Attending
SRM23,B1183059,2023-05-24,A1256509,Attending
SRM23,B1183060,2023-05-24,A1256510,Attending
SRM23,B1183061,2023-05-24,A1256511,Attending
SRM23,B1183062,2023-05-24,A1256512,Attending
SRM23,B1183064,2023-05-24,A1256514,Attending
SRM23,B1183068,2023-05-24,A1256518,Attending
SRM23,B1183069,2023-05-24,A1256519,Attending
SRM23,B1183072,2023-05-24,A1256522,Attending
SRM23,B1183074,2023-05-24,A1256524,Attending
SRM23,B1183075,2023-05-24,A1256525,Attending
SRM23,B1183076,2023-05-24,A1256526,Attending
SRM23,B1183078,2023-05-24,A1256528,Attending
SRM23,B1183079,2023-05-24,A1256529,Attending
SRM23,B1183083,2023-05-24,A1256533,Attending
SRM23,B1183084,2023-05-24,A1256534,Attending
SRM23,B1183085,2023-05-24,A1256535,Attending
SRM23,B1183086,2023-05-24,A1256536,Attending
SRM23,B1183088,2023-05-24,A1256538,Attending
SRM23,B1183090,2023-05-24,A1256540,Attending
SRM23,B1183092,2023-05-24,A1256542,Attending
SRM23,B1183094,2023-05-24,A1256544,Attending
SRM23,B1183095,2023-05-24,A1256545,Attending
SRM23,B1183098,2023-05-24,A1256548,Attending
SRM23,B1183100,2023-05-24,A1256550,Attending
SRM23,B1183101,2023-05-24,A1256551,Attending
SRM23,B1183103,2023-05-24,A1256553,Attending
SRM23,B1183104,2023-05-24,A1256554,Attending
SRM23,B1183105,2023-05-24,A1256555,Attending
SRM23,B1183106,2023-05-24,A1256556,Attending
SRM23,B1183107,2023-05-24,A1256557,Attending
SRM23,B1183111,2023-05-24,A1256561,Attending
SRM23,B1183118,2023-05-24,A1256568,Attending
SRM23,B1183119,2023-05-24,A1256569,Attending
SRM23,B1183136,2023-05-24,A1256586,Attending
SRM23,B1183138,2023-05-24,A1256588,Attending
SRM23,B1183139,2023-05-24,A1256589,Attending
SRM23,B1183141,2023-05-24,A1256591,Attending
SRM23,B1183146,2023-05-24,A1256596,Attending
SRM23,B1183148,2023-05-24,A1256598,Attending
SRM23,B1183149,2023-05-24,A1256599,Attending
SRM23,B1183163,2023-05-24,A1256613,Attending
SRM23,B1183173,2023-05-24,A1256623,Attending
SRM23,B1183178,2023-05-24,A1256629,Attending
SRM23,B1183185,2023-05-24,A1256636,Attending
SRM23,B1183192,2023-05-24,A1256643,Attending
SRM23,B1183204,2023-05-24,A1256655,Attending
SRM23,B1183216,2023-05-24,A1256667,Attending
SRM23,B1183217,2023-05-24,A1256668,Attending
SRM23,B1183224,2023-05-24,A1256675,Attending
SRM23,B1183228,2023-05-24,A1256679,Attending
SRM23,B1183231,2023-05-24,A1256682,Attending
SRM23,B1183342,2023-05-25,A1256793,Attending
SRM23,B1183343,2023-05-25,A1256794,Attending
SRM23,B1183363,2023-05-25,A1256814,Attending
SRM23,B1183367,2023-05-25,A1256818,Attending
SRM23,B1183368,2023-05-25,A1256819,Attending
SRM23,B1183370,2023-05-25,A1256821,Attending
SRM23,B1183384,2023-05-25,A1256835,Attending
SRM23,B1183386,2023-05-25,A1256837,Attending
SRM23,B1183388,2023-05-25,A1256839,Attending
SRM23,B1183394,2023-05-25,A1256845,Attending
SRM23,B1183407,2023-05-25,A1256858,Attending
SRM23,B1183412,2023-05-25,A1256863,Attending
SRM23,B1183424,2023-05-25,A1256875,Attending
SRM23,B1183427,2023-05-25,A1256878,Attending
SRM23,B1183430,2023-05-25,A1256881,Attending
SRM23,B1183443,2023-05-25,A1256894,Attending
SRM23,B1183477,2023-05-25,A1256928,Attending
SRM23,B1183555,2023-05-25,A1257006,Attending
SRM23,B1183761,2023-05-26,A1257215,Attending
SRM23,B1183771,2023-05-26,A1257225,Attending
SRM23,B1183779,2023-05-26,A1257233,Attending
SRM23,B1183812,2023-05-26,A1257266,Attending
SRM23,B1183827,2023-05-26,A1257281,Attending
SRM23,B1183846,2023-05-26,A1257300,Attending
SRM23,B1183847,2023-05-26,A1257301,Attending
SRM23,B1183899,2023-05-26,A1257353,Attending
SRM23,B1183995,2023-05-27,A1257450,Attending
SRM23,B1184274,2023-05-30,A1257730,Attending
SRM23,B1184276,2023-05-30,A1257732,Attending
SRM23,B1184277,2023-05-30,A1257733,Attending
SRM23,B1184294,2023-05-30,A1257750,Attending
SRM23,B1184306,2023-05-30,A1257762,Attending
SRM23,B1184308,2023-05-30,A1257764,Attending
SRM23,B1184326,2023-05-30,A1257782,Attending
SRM23,B1184347,2023-05-30,A1257803,Attending
SRM23,B1184367,2023-05-30,A1257823,Attending
SRM23,B1184394,2023-05-30,A1257850,Attending
SRM23,B1184398,2023-05-30,A1257854,Attending
SRM23,B1184427,2023-05-30,A1257883,Attending
SRM23,B1184482,2023-05-30,A1257938,Attending
SRM23,B1184613,2023-05-31,A1258069,Attending
SRM23,B1184647,2023-05-31,A1258103,Attending
SRM23,B1184677,2023-05-31,A1258133,Attending
SRM23,B1184744,2023-05-31,A1258208,Attending
SRM23,B1184748,2023-05-31,A1258212,Attending
SRM23,B1184751,2023-05-31,A1258215,Attending
SRM23,B1184799,2023-05-31,A1258263,Attending
SRM23,B1184800,2023-05-31,A1258264,Attending
SRM23,B1184806,2023-05-31,A1258275,Attending
SRM23,B1184806,2023-05-31,A1258276,Attending
SRM23,B1184809,2023-05-31,A1258280,Attending
SRM23,B1184809,2023-05-31,A1258281,Attending
SRM23,B1184924,2023-06-01,A1258396,Attending
SRM23,B1184937,2023-06-01,A1258409,Attending
SRM23,B1184938,2023-06-01,A1258410,Attending
SRM23,B1184940,2023-06-01,A1258412,Attending
SRM23,B1184942,2023-06-01,A1258414,Attending
SRM23,B1184958,2023-06-01,A1258431,Attending
SRM23,B1184961,2023-06-01,A1258434,Attending
SRM23,B1185030,2023-06-01,A1258504,Attending
SRM23,B1185040,2023-06-01,A1258514,Attending
SRM23,B1185200,2023-06-02,A1258674,Attending
SRM23,B1185209,2023-06-02,A1258683,Attending
SRM23,B1185210,2023-06-02,A1258684,Attending
SRM23,B1185218,2023-06-02,A1258692,Attending
SRM23,B1185238,2023-06-02,A1258712,Attending
SRM23,B1185239,2023-06-02,A1258713,Attending
SRM23,B1185240,2023-06-02,A1258714,Attending
SRM23,B1185241,2023-06-02,A1258715,Attending
SRM23,B1185243,2023-06-02,A1258717,Attending
SRM23,B1185246,2023-06-02,A1258720,Attending
SRM23,B1185247,2023-06-02,A1258721,Attending
SRM23,B1185248,2023-06-02,A1258722,Attending
SRM23,B1185249,2023-06-02,A1258723,Attending
SRM23,B1185253,2023-06-02,A1258727,Attending
SRM23,B1185256,2023-06-02,A1258730,Attending
SRM23,B1185258,2023-06-02,A1258732,Attending
SRM23,B1185259,2023-06-02,A1258733,Attending
SRM23,B1185263,2023-06-02,A1258737,Attending
SRM23,B1185264,2023-06-02,A1258738,Attending
SRM23,B1185274,2023-06-02,A1258748,Attending
SRM23,B1185276,2023-06-02,A1258750,Attending
SRM23,B1185277,2023-06-02,A1258751,Attending
SRM23,B1185287,2023-06-02,A1258761,Attending
SRM23,B1185388,2023-06-03,A1258862,Attending
SRM23,B1185428,2023-06-03,A1258902,Attending
SRM23,B1185487,2023-06-04,A1258961,Attending
SRM23,B1185596,2023-06-05,A1259070,Attending
SRM23,B1185603,2023-06-05,A1259077,Attending
SRM23,B1185624,2023-06-05,A1259098,Attending
SRM23,B1185631,2023-06-05,A1259105,Attending
SRM23,B1185643,2023-06-05,A1259117,Attending
SRM23,B1185684,2023-06-05,A1259158,Attending
SRM23,B1185702,2023-06-05,A1259176,Attending
SRM23,B1185706,2023-06-05,A1259180,Attending
SRM23,B1185772,2023-06-05,A1259247,Attending
SRM23,B1185773,2023-06-05,A1259248,Attending
SRM23,B1185798,2023-06-05,A1259273,Attending
SRM23,B1185800,2023-06-05,A1259275,Attending
SRM23,B1185831,2023-06-05,A1259306,Attending
SRM23,B1185832,2023-06-05,A1259307,Attending
SRM23,B1185975,2023-06-06,A1259451,Attending
SRM23,B1185987,2023-06-06,A1259463,Attending
SRM23,B1185992,2023-06-06,A1259468,Attending
SRM23,B1186007,2023-06-06,A1259483,Attending
SRM23,B1186030,2023-06-06,A1259506,Attending
SRM23,B1186107,2023-06-06,A1259584,Attending
SRM23,B1186120,2023-06-06,A1259597,Attending
SRM23,B1186121,2023-06-06,A1259598,Attending
SRM23,B1186129,2023-06-06,A1259606,Attending
SRM23,B1186255,2023-06-07,A1259733,Attending
SRM23,B1186261,2023-06-07,A1259739,Attending
SRM23,B1186298,2023-06-07,A1259777,Attending
SRM23,B1186302,2023-06-07,A1259781,Attending
SRM23,B1186313,2023-06-07,A1259792,Attending
SRM23,B1186391,2023-06-07,A1259870,Attending
SRM23,B1186589,2023-06-08,A1260069,Attending
SRM23,B1186596,2023-06-08,A1260076,Attending
SRM23,B1192585,2023-06-29,A1266149,Attending
SRM23,B1192587,2023-06-29,A1266151,Attending
SRM23,B1192588,2023-06-29,A1266152,Attending
SRM23,B1192589,2023-06-29,A1266153,Attending
SRM23,B1192590,2023-06-29,A1266154,Attending
SRM23,B1192591,2023-06-29,A1266155,Attending
SRM23,B1192592,2023-06-29,A1266156,Attending
SRM23,B1192594,2023-06-29,A1266158,Attending
SRM23,B1192596,2023-06-29,A1266160,Attending
SRM23,B1192597,2023-06-29,A1266161,Attending
SRM23,B1192599,2023-06-29,A1266163,Attending
SRM23,B1192600,2023-06-29,A1266164,Attending
SRM23,B1192601,2023-06-29,A1266165,Attending
SRM23,B1192602,2023-06-29,A1266166,Attending
SRM23,B1192603,2023-06-29,A1266167,Attending
SRM23,B1192606,2023-06-29,A1266170,Attending
SRM23,B1192607,2023-06-29,A1266171,Attending
SRM23,B1192610,2023-06-29,A1266174,Attending
SRM23,B1192612,2023-06-29,A1266176,Attending
SRM23,B1192613,2023-06-29,A1266177,Attending
SRM23,B1192614,2023-06-29,A1266178,Attending
SRM23,B1192615,2023-06-29,A1266179,Attending
SRM23,B1192616,2023-06-29,A1266180,Attending
SRM23,B1192617,2023-06-29,A1266181,Attending
SRM23,B1192618,2023-06-29,A1266182,Attending
SRM23,B1192619,2023-06-29,A1266183,Attending
SRM23,B1192620,2023-06-29,A1266184,Attending
SRM23,B1192972,2023-07-04,A1266553,Attending
SRM23,B1192974,2023-07-04,A1266555,Attending
SRM23,B1192975,2023-07-04,A1266556,Attending
SRM23,B1192976,2023-07-04,A1266557,Attending
SRM23,B1192977,2023-07-04,A1266558,Attending
SRM23,B1192978,2023-07-04,A1266559,Attending
SRM23,B1192979,2023-07-04,A1266560,Attending
SRM23,B1192980,2023-07-04,A1266561,Attending
SRM23,B1192981,2023-07-04,A1266562,Attending
SRM23,B1192982,2023-07-04,A1266563,Attending
SRM23,B1192983,2023-07-04,A1266564,Attending
SRM23,B1192984,2023-07-04,A1266565,Attending
SRM23,B1192985,2023-07-04,A1266566,Attending
SRM23,B1192987,2023-07-04,A1266568,Attending
SRM23,B1192988,2023-07-04,A1266569,Attending
SRM23,B1192989,2023-07-04,A1266570,Attending
SRM23,B1192990,2023-07-04,A1266571,Attending
SRM23,B1192991,2023-07-04,A1266572,Attending
SRM23,B1192992,2023-07-04,A1266573,Attending
SRM23,B1192994,2023-07-04,A1266575,Attending
SRM23,B1192995,2023-07-04,A1266576,Attending
SRM23,B1193642,2023-07-17,A1267303,Attending
SRM23,B1193643,2023-07-17,A1267304,Attending
SRM23,B1193645,2023-07-17,A1267306,Attending
SRM23,B1193646,2023-07-17,A1267307,Attending
SRM23,B1193647,2023-07-17,A1267308,Attending
SRM23,B1193693,2023-07-18,A1267378,Attending
